customerID,gender,SeniorCitizen,Partner,Dependents,tenure,PhoneService,MultipleLines,InternetService,OnlineSecurity,OnlineBackup,DeviceProtection,TechSupport,StreamingTV,StreamingMovies,Contract,PaperlessBilling,PaymentMethod,MonthlyCharges,TotalCharges,Churn
2821-DY38,Male,0,Yes,No,4,Yes,No,DSL,No,Yes,No,No,No,Yes,One year,No,Credit card (automatic),82.7,330.8,Yes
1091-DX21,Female,1,No,No,65,Yes,No,No,No internet service,No internet service,No internet service,No internet service,No internet service,No internet service,Month-to-month,Yes,Electronic check,29.39,1910.35,No
8509-EY20,Male,0,No,No,64,Yes,No,DSL,Yes,No,Yes,No,No,Yes,One year,Yes,Credit card (automatic),88.16,5642.24,No
9207-AX89,Male,0,No,No,5,Yes,Yes,No,No internet service,No internet service,No internet service,No internet service,No internet service,No internet service,One year,No,Mailed check,42.78,213.9,No
1909-BW51,Male,0,No,Yes,70,Yes,No,Fiber optic,No,Yes,Yes,No,No,Yes,Two year,Yes,Electronic check,104.16,7291.2,No
7153-DW18,Female,0,No,Yes,4,Yes,No,Fiber optic,No,Yes,No,No,Yes,No,Month-to-month,Yes,Electronic check,92.39,369.56,Yes
3254-BZ61,Male,0,No,Yes,5,Yes,Yes,Fiber optic,No,No,No,Yes,Yes,No,Month-to-month,No,Bank transfer (automatic),111.72,558.6,Yes
7103-BY46,Male,0,Yes,No,52,Yes,Yes,DSL,No,No,Yes,No,Yes,Yes,One year,Yes,Credit card (automatic),110.54,5748.08,Yes
6631-DW11,Male,1,Yes,No,65,No,No phone service,Fiber optic,No,No,Yes,No,No,Yes,Month-to-month,Yes,Bank transfer (automatic),86.4,5616.0,No
4716-CZ28,Female,0,Yes,No,4,Yes,No,Fiber optic,No,Yes,No,No,No,No,Month-to-month,No,Credit card (automatic),86.85,347.4,Yes
5454-CZ96,Male,0,No,Yes,4,Yes,No,Fiber optic,Yes,No,No,No,No,No,Month-to-month,No,Credit card (automatic),81.64,326.56,Yes
8250-BX59,Male,0,No,No,15,Yes,No,DSL,No,Yes,Yes,No,No,No,One year,No,Electronic check,72.4,1086.0,Yes
5718-EW53,Male,0,No,No,2,Yes,No,DSL,Yes,Yes,No,No,No,Yes,Month-to-month,No,Bank transfer (automatic),87.51,175.02,No
6401-EZ60,Male,0,Yes,Yes,10,Yes,No,DSL,Yes,No,Yes,No,Yes,Yes,One year,Yes,Electronic check,98.16,981.6,Yes
1598-BZ54,Female,0,No,No,54,Yes,Yes,Fiber optic,No,Yes,No,Yes,Yes,No,Two year,No,Mailed check,116.52,6292.08,No
8293-EY70,Male,0,No,Yes,53,Yes,No,DSL,Yes,No,Yes,No,Yes,Yes,Two year,No,Electronic check,93.33,4946.49,No
9111-EW69,Female,0,No,No,3,Yes,Yes,No,No internet service,No internet service,No internet service,No internet service,No internet service,No internet service,Month-to-month,No,Electronic check,45.53,136.59,Yes
7466-AX97,Female,1,No,No,25,Yes,No,Fiber optic,No,Yes,No,Yes,No,No,Month-to-month,Yes,Bank transfer (automatic),91.06,2276.5,No
6490-DZ62,Female,0,Yes,Yes,5,Yes,No,Fiber optic,Yes,Yes,No,No,Yes,Yes,Month-to-month,No,Electronic check,117.53,587.65,Yes
2270-DY31,Male,0,No,Yes,1,Yes,No,No,No internet service,No internet service,No internet service,No internet service,No internet service,No internet service,Month-to-month,Yes,Bank transfer (automatic),31.66,31.66,Yes
8951-DZ74,Female,0,Yes,No,42,Yes,No,DSL,Yes,Yes,No,No,No,Yes,Month-to-month,No,Credit card (automatic),87.47,3673.74,Yes
5341-CW80,Male,1,Yes,No,58,Yes,No,No,No internet service,No internet service,No internet service,No internet service,No internet service,No internet service,Month-to-month,Yes,Electronic check,32.74,1898.92,No
3985-CX34,Female,0,No,No,4,Yes,No,Fiber optic,Yes,No,Yes,No,Yes,No,One year,No,Credit card (automatic),105.66,422.64,No
9017-AY41,Female,0,No,No,44,Yes,No,No,No internet service,No internet service,No internet service,No internet service,No internet service,No internet service,Two year,No,Bank transfer (automatic),28.54,1255.76,No
2004-CX31,Female,0,No,No,51,Yes,No,No,No internet service,No internet service,No internet service,No internet service,No internet service,No internet service,Two year,Yes,Electronic check,30.59,1560.09,No
7696-CZ87,Female,0,No,No,53,Yes,No,DSL,Yes,Yes,No,No,Yes,No,Month-to-month,No,Credit card (automatic),92.53,4904.09,No
1308-EZ44,Female,0,No,No,68,Yes,Yes,Fiber optic,Yes,No,No,Yes,Yes,No,One year,Yes,Electronic check,118.98,8090.64,No
4047-BW65,Female,0,No,No,34,Yes,No,Fiber optic,No,No,Yes,Yes,Yes,Yes,Month-to-month,No,Electronic check,112.53,3826.02,Yes
3017-BY58,Female,0,No,No,6,Yes,No,Fiber optic,No,No,Yes,Yes,No,Yes,One year,Yes,Electronic check,99.63,597.78,No
5197-BY13,Female,0,Yes,No,5,No,No phone service,DSL,No,No,No,No,No,Yes,Month-to-month,No,Mailed check,57.59,287.95,Yes
6434-AZ15,Male,0,Yes,No,2,Yes,Yes,DSL,No,Yes,Yes,No,Yes,Yes,Two year,Yes,Mailed check,108.86,217.72,Yes
9339-CZ31,Male,0,Yes,No,9,Yes,No,Fiber optic,Yes,Yes,No,Yes,No,No,Two year,Yes,Mailed check,97.55,877.95,No
1596-BZ56,Female,0,Yes,Yes,1,Yes,No,Fiber optic,No,No,No,Yes,Yes,No,Month-to-month,Yes,Electronic check,94.48,94.48,Yes
5250-DX42,Female,0,Yes,No,32,Yes,No,No,No internet service,No internet service,No internet service,No internet service,No internet service,No internet service,Two year,No,Credit card (automatic),27.07,866.24,No
4318-CY63,Female,0,Yes,No,8,Yes,Yes,Fiber optic,No,No,Yes,No,Yes,Yes,One year,No,Credit card (automatic),119.95,959.6,Yes
9957-DW92,Male,1,Yes,Yes,6,Yes,No,Fiber optic,No,No,No,No,No,Yes,Month-to-month,Yes,Mailed check,84.14,504.84,Yes
1443-AY19,Female,0,No,No,4,Yes,No,DSL,No,No,No,No,No,No,One year,Yes,Electronic check,55.26,221.04,Yes
2801-BX45,Male,0,Yes,No,2,Yes,No,DSL,Yes,No,No,No,No,Yes,One year,Yes,Electronic check,79.49,158.98,Yes
8851-AY92,Male,0,No,Yes,7,Yes,Yes,Fiber optic,No,No,No,No,Yes,Yes,Two year,No,Credit card (automatic),116.01,812.07,No
3922-DZ58,Male,1,Yes,No,68,Yes,Yes,No,No internet service,No internet service,No internet service,No internet service,No internet service,No internet service,Two year,No,Electronic check,43.47,2955.96,No
1919-EZ77,Male,0,No,Yes,64,Yes,No,Fiber optic,No,Yes,No,Yes,Yes,No,One year,Yes,Electronic check,106.41,6810.24,No
5570-BX18,Male,0,Yes,Yes,71,Yes,No,Fiber optic,No,Yes,Yes,Yes,Yes,Yes,Two year,Yes,Mailed check,123.46,8765.66,No
8945-EY74,Female,0,Yes,No,10,Yes,Yes,No,No internet service,No internet service,No internet service,No internet service,No internet service,No internet service,Two year,Yes,Bank transfer (automatic),47.68,476.8,No
4399-BX52,Female,0,No,No,64,Yes,Yes,No,No internet service,No internet service,No internet service,No internet service,No internet service,No internet service,Month-to-month,No,Mailed check,45.1,2886.4,No
1442-AY68,Female,0,Yes,Yes,2,Yes,Yes,DSL,No,No,No,Yes,No,No,Month-to-month,Yes,Electronic check,85.01,170.02,Yes
5582-CZ74,Female,1,Yes,No,64,Yes,No,DSL,Yes,Yes,No,Yes,No,No,One year,No,Bank transfer (automatic),79.77,5105.28,No
3052-CY52,Female,1,Yes,No,2,Yes,Yes,DSL,No,No,No,Yes,Yes,No,Two year,Yes,Bank transfer (automatic),97.53,195.06,No
1025-CX11,Male,0,Yes,Yes,11,Yes,Yes,Fiber optic,No,No,No,Yes,Yes,Yes,Month-to-month,Yes,Bank transfer (automatic),122.02,1342.22,Yes
7553-DW96,Female,0,Yes,Yes,7,Yes,Yes,No,No internet service,No internet service,No internet service,No internet service,No internet service,No internet service,Month-to-month,Yes,Electronic check,48.29,338.03,Yes
2129-EW59,Female,1,Yes,No,36,Yes,No,DSL,Yes,No,No,No,No,Yes,Month-to-month,No,Credit card (automatic),79.24,2852.64,Yes
6641-AX19,Male,0,No,Yes,71,Yes,Yes,DSL,Yes,Yes,No,No,No,No,Two year,No,Mailed check,96.23,6832.33,No
8369-BW50,Female,0,No,No,4,Yes,Yes,No,No internet service,No internet service,No internet service,No internet service,No internet service,No internet service,Two year,Yes,Mailed check,46.6,186.4,Yes
1559-EY57,Male,0,No,No,65,Yes,No,Fiber optic,Yes,Yes,No,Yes,No,No,Month-to-month,Yes,Mailed check,96.28,6258.2,No
7900-DW50,Female,0,Yes,No,3,Yes,Yes,No,No internet service,No internet service,No internet service,No internet service,No internet service,No internet service,Month-to-month,Yes,Electronic check,48.38,145.14,Yes
5612-DW61,Male,0,No,Yes,71,Yes,Yes,Fiber optic,Yes,No,Yes,No,Yes,No,Two year,No,Electronic check,114.83,8152.93,No
4600-BZ71,Female,0,Yes,No,12,Yes,No,Fiber optic,No,No,Yes,No,No,No,Month-to-month,No,Electronic check,79.66,955.92,Yes
8347-AY29,Female,1,Yes,No,9,Yes,Yes,DSL,No,No,No,Yes,No,Yes,Two year,Yes,Mailed check,98.87,889.83,Yes
2382-AX25,Male,1,No,No,50,Yes,No,DSL,No,No,Yes,No,No,Yes,Month-to-month,Yes,Mailed check,81.01,4050.5,Yes
9198-BZ52,Male,0,Yes,Yes,59,Yes,Yes,Fiber optic,No,Yes,No,No,No,No,One year,No,Bank transfer (automatic),98.22,5794.98,No
9487-AX12,Male,0,Yes,Yes,12,Yes,No,Fiber optic,No,Yes,Yes,No,No,No,Month-to-month,No,Electronic check,89.49,1073.88,Yes
9455-BZ84,Male,1,No,No,11,Yes,Yes,DSL,No,No,Yes,No,Yes,Yes,One year,Yes,Credit card (automatic),109.5,1204.5,No
9124-EW35,Male,0,No,No,7,No,No phone service,No,No internet service,No internet service,No internet service,No internet service,No internet service,No internet service,Two year,No,Electronic check,19.18,134.26,No
6460-AW75,Male,0,No,Yes,61,Yes,No,DSL,No,No,No,No,No,No,Two year,No,Mailed check,60.6,3696.6,No
9310-DZ36,Male,1,No,No,2,Yes,Yes,Fiber optic,No,Yes,No,No,No,No,Two year,No,Electronic check,94.62,189.24,Yes
6514-BY56,Male,1,No,Yes,65,Yes,Yes,DSL,Yes,Yes,No,No,No,Yes,Month-to-month,Yes,Bank transfer (automatic),102.83,6683.95,Yes
5251-AX29,Female,0,Yes,No,49,Yes,No,No,No internet service,No internet service,No internet service,No internet service,No internet service,No internet service,Month-to-month,Yes,Bank transfer (automatic),30.53,1495.97,No
3803-AW54,Female,0,Yes,No,2,Yes,No,DSL,Yes,Yes,No,Yes,No,Yes,Month-to-month,No,Credit card (automatic),97.6,195.2,Yes
5540-CX65,Male,0,Yes,No,11,Yes,Yes,Fiber optic,No,Yes,Yes,No,No,Yes,Two year,No,Electronic check,119.01,1309.11,Yes
4651-EX40,Female,0,Yes,No,11,Yes,No,DSL,No,Yes,No,Yes,Yes,Yes,Month-to-month,No,Electronic check,99.0,1089.0,No
9240-EY19,Female,0,Yes,No,46,Yes,Yes,Fiber optic,Yes,No,Yes,No,Yes,Yes,Two year,Yes,Bank transfer (automatic),130.85,6019.1,No
4464-DZ22,Female,0,No,No,51,Yes,No,Fiber optic,Yes,No,No,No,Yes,No,Two year,No,Bank transfer (automatic),97.94,4994.94,No
1529-DZ96,Female,0,No,No,59,Yes,Yes,DSL,No,Yes,Yes,No,No,Yes,One year,Yes,Credit card (automatic),98.55,5814.45,No
8940-CX47,Male,0,No,No,6,Yes,No,DSL,No,No,No,Yes,No,Yes,Two year,Yes,Electronic check,79.5,477.0,No
2561-EX68,Female,0,Yes,No,4,Yes,Yes,No,No internet service,No internet service,No internet service,No internet service,No internet service,No internet service,Two year,No,Bank transfer (automatic),45.63,182.52,No
3611-AW26,Male,0,No,Yes,7,Yes,Yes,No,No internet service,No internet service,No internet service,No internet service,No internet service,No internet service,Two year,No,Electronic check,42.23,295.61,No
4178-CZ11,Female,1,No,Yes,8,Yes,Yes,DSL,Yes,No,Yes,Yes,Yes,Yes,One year,Yes,Mailed check,125.79,1006.32,No
9127-AW28,Female,0,No,No,7,Yes,Yes,DSL,Yes,Yes,No,No,No,Yes,Two year,No,Electronic check,104.8,733.6,No
7309-AY13,Female,0,Yes,No,10,Yes,No,DSL,No,No,Yes,No,No,Yes,Month-to-month,Yes,Bank transfer (automatic),82.99,829.9,Yes
7146-BX19,Male,0,No,No,2,Yes,No,DSL,No,Yes,No,No,No,Yes,One year,Yes,Bank transfer (automatic),86.48,172.96,Yes
9560-CZ10,Female,0,Yes,Yes,7,Yes,No,No,No internet service,No internet service,No internet service,No internet service,No internet service,No internet service,Month-to-month,Yes,Electronic check,30.99,216.93,Yes
7867-DW83,Male,0,Yes,No,59,Yes,Yes,Fiber optic,Yes,Yes,Yes,No,No,Yes,Month-to-month,No,Electronic check,125.15,7383.85,No
3368-CZ86,Female,0,Yes,No,42,Yes,Yes,Fiber optic,No,No,No,Yes,Yes,No,Two year,No,Mailed check,112.82,4738.44,No
1014-AX73,Male,0,No,No,54,Yes,No,No,No internet service,No internet service,No internet service,No internet service,No internet service,No internet service,One year,Yes,Electronic check,28.24,1524.96,No
3277-CW29,Female,0,No,No,45,Yes,No,Fiber optic,No,No,No,Yes,No,Yes,Month-to-month,Yes,Electronic check,96.39,4337.55,Yes
2763-BX63,Male,0,Yes,No,43,Yes,No,Fiber optic,No,No,No,No,No,Yes,Month-to-month,No,Electronic check,90.11,3874.73,Yes
8865-EW67,Male,0,Yes,No,6,Yes,No,DSL,Yes,No,Yes,Yes,Yes,No,Two year,Yes,Credit card (automatic),98.5,591.0,No
3754-AX28,Female,1,Yes,No,23,No,No phone service,Fiber optic,Yes,No,No,No,Yes,No,Two year,Yes,Mailed check,89.22,2052.06,No
9067-DW90,Male,0,Yes,Yes,24,Yes,No,Fiber optic,No,No,No,No,Yes,No,Month-to-month,No,Electronic check,86.18,2068.32,Yes
7222-AW23,Female,0,Yes,No,35,Yes,No,DSL,Yes,Yes,No,No,Yes,No,Two year,No,Credit card (automatic),90.13,3154.55,No
3563-DX55,Female,0,Yes,No,6,Yes,Yes,DSL,No,Yes,No,No,Yes,Yes,Month-to-month,Yes,Electronic check,107.28,643.68,Yes
6809-DZ61,Female,0,No,No,56,Yes,Yes,DSL,Yes,Yes,Yes,No,No,No,One year,Yes,Bank transfer (automatic),99.76,5586.56,No
3400-DX95,Female,0,Yes,Yes,3,Yes,No,DSL,No,Yes,No,No,Yes,Yes,One year,No,Mailed check,92.76,278.28,No
6530-CX64,Female,0,Yes,No,6,No,No phone service,Fiber optic,No,No,No,Yes,Yes,No,Two year,Yes,Credit card (automatic),86.62,519.72,No
4497-AY76,Female,1,Yes,No,50,Yes,No,Fiber optic,No,Yes,Yes,No,No,Yes,Two year,No,Mailed check,102.9,5145.0,No
4394-DX19,Female,0,No,Yes,63,No,No phone service,Fiber optic,No,No,No,Yes,Yes,No,Month-to-month,Yes,Bank transfer (automatic),80.74,5086.62,No
3597-DW21,Female,0,No,No,8,Yes,Yes,DSL,No,No,No,Yes,No,No,One year,Yes,Electronic check,83.46,667.68,Yes
8981-AX81,Female,0,No,No,51,Yes,Yes,Fiber optic,No,Yes,No,No,No,No,Month-to-month,Yes,Credit card (automatic),99.09,5053.59,No
7649-EW52,Female,1,Yes,No,17,Yes,No,DSL,No,No,No,Yes,Yes,No,Month-to-month,No,Mailed check,79.87,1357.79,Yes
1973-BY44,Female,0,No,No,50,Yes,No,Fiber optic,Yes,Yes,No,No,No,Yes,One year,No,Mailed check,104.31,5215.5,No
2188-DZ67,Male,0,Yes,Yes,60,Yes,Yes,Fiber optic,Yes,Yes,No,No,Yes,Yes,Month-to-month,No,Electronic check,129.63,7777.8,No
6684-DX94,Male,0,No,No,58,Yes,No,DSL,No,No,Yes,No,Yes,No,Month-to-month,Yes,Credit card (automatic),79.19,4593.02,No
6468-DW88,Female,0,No,Yes,58,Yes,No,Fiber optic,No,No,Yes,Yes,No,Yes,Month-to-month,No,Bank transfer (automatic),107.17,6215.86,No
1438-EY45,Female,0,No,No,23,Yes,No,Fiber optic,No,No,No,No,No,No,One year,Yes,Electronic check,81.77,1880.71,Yes
8835-BY14,Female,1,No,No,54,Yes,Yes,DSL,No,Yes,Yes,Yes,No,No,One year,No,Electronic check,101.64,5488.56,No
4845-EX56,Female,0,No,No,9,Yes,No,DSL,No,No,No,No,Yes,No,Month-to-month,Yes,Mailed check,70.28,632.52,Yes
9219-AW34,Female,0,Yes,Yes,71,Yes,No,No,No internet service,No internet service,No internet service,No internet service,No internet service,No internet service,Two year,No,Electronic check,30.68,2178.28,No
7662-BZ67,Female,0,No,No,69,Yes,Yes,DSL,No,No,Yes,No,No,No,Month-to-month,No,Electronic check,83.45,5758.05,No
7401-AX83,Female,0,Yes,No,14,Yes,No,No,No internet service,No internet service,No internet service,No internet service,No internet service,No internet service,One year,Yes,Credit card (automatic),32.01,448.14,Yes
3061-CY94,Female,0,No,No,10,Yes,Yes,Fiber optic,No,No,Yes,Yes,No,Yes,One year,Yes,Bank transfer (automatic),118.56,1185.6,Yes
7283-CY66,Male,0,Yes,No,71,Yes,Yes,DSL,No,No,Yes,Yes,Yes,Yes,Month-to-month,Yes,Credit card (automatic),116.85,8296.35,No
4559-DZ57,Female,0,Yes,No,50,Yes,Yes,DSL,No,No,No,Yes,No,Yes,Month-to-month,Yes,Mailed check,100.37,5018.5,No
4883-DX11,Male,0,Yes,No,11,Yes,Yes,Fiber optic,No,No,No,No,Yes,Yes,Two year,Yes,Bank transfer (automatic),108.47,1193.17,No
4014-AW91,Female,0,Yes,No,17,No,No phone service,Fiber optic,No,Yes,Yes,Yes,Yes,No,Month-to-month,No,Mailed check,99.48,1691.16,Yes
7472-AZ42,Female,0,No,Yes,4,Yes,Yes,Fiber optic,No,Yes,Yes,No,No,No,Month-to-month,Yes,Electronic check,108.88,435.52,Yes
9324-BW20,Male,0,No,Yes,2,Yes,No,No,No internet service,No internet service,No internet service,No internet service,No internet service,No internet service,Month-to-month,No,Mailed check,29.87,59.74,No
8574-EY88,Female,0,Yes,No,54,Yes,Yes,No,No internet service,No internet service,No internet service,No internet service,No internet service,No internet service,Two year,Yes,Mailed check,46.78,2526.12,No
1311-BY89,Male,0,Yes,No,70,No,No phone service,DSL,No,No,No,No,Yes,No,Month-to-month,Yes,Credit card (automatic),61.43,4300.1,No
1401-CW32,Female,0,No,No,6,Yes,No,No,No internet service,No internet service,No internet service,No internet service,No internet service,No internet service,Two year,Yes,Mailed check,34.68,208.08,No
4238-EZ91,Female,1,Yes,No,6,Yes,No,No,No internet service,No internet service,No internet service,No internet service,No internet service,No internet service,Month-to-month,Yes,Credit card (automatic),33.48,200.88,Yes
4282-DW78,Male,1,No,Yes,64,No,No phone service,No,No internet service,No internet service,No internet service,No internet service,No internet service,No internet service,Month-to-month,No,Bank transfer (automatic),20.9,1337.6,No
1765-DX30,Female,0,No,No,67,No,No phone service,Fiber optic,Yes,No,No,No,Yes,No,Month-to-month,Yes,Mailed check,90.02,6031.34,No
3838-EY25,Male,0,No,Yes,2,No,No phone service,Fiber optic,Yes,Yes,Yes,Yes,Yes,Yes,Two year,No,Mailed check,121.93,243.86,No
3749-AY74,Female,0,No,Yes,41,Yes,Yes,Fiber optic,No,No,Yes,No,No,Yes,One year,Yes,Mailed check,110.2,4518.2,No
8812-BW53,Male,0,Yes,No,26,Yes,Yes,DSL,No,No,Yes,No,No,Yes,Month-to-month,No,Electronic check,99.41,2584.66,Yes
9417-DY63,Male,0,No,Yes,2,Yes,No,No,No internet service,No internet service,No internet service,No internet service,No internet service,No internet service,Month-to-month,No,Bank transfer (automatic),25.8,51.6,Yes
6848-AW51,Female,0,Yes,No,6,Yes,No,DSL,No,No,No,No,Yes,No,Month-to-month,Yes,Credit card (automatic),72.5,435.0,Yes
6549-AY44,Female,0,Yes,Yes,49,Yes,Yes,DSL,No,No,No,Yes,No,Yes,Month-to-month,Yes,Electronic check,96.06,4706.94,No
7984-AZ32,Male,0,No,No,52,Yes,Yes,No,No internet service,No internet service,No internet service,No internet service,No internet service,No internet service,Month-to-month,Yes,Credit card (automatic),44.33,2305.16,No
2468-EW24,Female,0,Yes,No,60,Yes,No,DSL,Yes,Yes,Yes,Yes,No,No,Two year,No,Electronic check,89.76,5385.6,No
5536-DY23,Female,0,No,Yes,60,Yes,Yes,No,No internet service,No internet service,No internet service,No internet service,No internet service,No internet service,Two year,Yes,Mailed check,44.78,2686.8,No
6939-DY45,Female,0,No,No,7,Yes,No,Fiber optic,Yes,Yes,No,No,Yes,No,Month-to-month,No,Mailed check,98.47,689.29,Yes
4226-AX50,Male,0,No,No,5,Yes,No,DSL,No,Yes,No,No,Yes,No,Two year,Yes,Electronic check,84.66,423.3,Yes
3819-CY50,Male,0,No,No,5,Yes,Yes,Fiber optic,No,Yes,Yes,Yes,Yes,Yes,Two year,Yes,Electronic check,142.81,714.05,Yes
3105-DY85,Male,0,Yes,Yes,62,Yes,Yes,Fiber optic,No,Yes,No,No,No,No,Month-to-month,Yes,Mailed check,98.22,6089.64,No
4147-EX93,Male,0,Yes,No,66,Yes,Yes,Fiber optic,No,No,Yes,No,No,Yes,Month-to-month,Yes,Electronic check,109.07,7198.62,No
4651-BY32,Male,0,No,No,15,Yes,No,No,No internet service,No internet service,No internet service,No internet service,No internet service,No internet service,Two year,No,Electronic check,25.57,383.55,No
3949-BW31,Male,0,Yes,No,67,No,No phone service,No,No internet service,No internet service,No internet service,No internet service,No internet service,No internet service,One year,Yes,Electronic check,18.04,1208.68,No
7116-DY84,Male,0,No,No,58,Yes,Yes,DSL,Yes,No,No,No,Yes,Yes,Month-to-month,No,Electronic check,111.45,6464.1,No
8912-CY18,Male,0,No,No,53,Yes,Yes,DSL,No,Yes,Yes,No,No,No,One year,No,Electronic check,91.02,4824.06,No
5856-BZ52,Male,0,No,No,22,Yes,No,No,No internet service,No internet service,No internet service,No internet service,No internet service,No internet service,Month-to-month,Yes,Bank transfer (automatic),28.46,626.12,No
1226-AY26,Female,0,Yes,No,50,Yes,Yes,Fiber optic,No,Yes,Yes,Yes,No,Yes,Two year,Yes,Credit card (automatic),126.14,6307.0,No
5801-EY37,Male,1,Yes,No,12,Yes,No,DSL,Yes,No,Yes,No,No,Yes,Month-to-month,Yes,Electronic check,86.38,1036.56,Yes
2410-EX61,Female,0,Yes,No,50,Yes,No,No,No internet service,No internet service,No internet service,No internet service,No internet service,No internet service,One year,No,Electronic check,25.27,1263.5,No
2337-EX86,Female,0,Yes,No,2,Yes,No,No,No internet service,No internet service,No internet service,No internet service,No internet service,No internet service,Month-to-month,Yes,Bank transfer (automatic),29.08,58.16,Yes
3097-DW40,Female,0,No,No,57,Yes,No,Fiber optic,Yes,Yes,Yes,Yes,No,Yes,Month-to-month,Yes,Electronic check,115.86,6604.02,Yes
3374-BY13,Male,0,Yes,No,2,Yes,No,Fiber optic,No,Yes,Yes,Yes,No,Yes,Month-to-month,Yes,Bank transfer (automatic),112.28,224.56,Yes
4680-CZ92,Male,0,Yes,Yes,57,Yes,Yes,Fiber optic,No,No,No,No,Yes,No,Month-to-month,Yes,Electronic check,104.78,5972.46,No
3696-CZ65,Male,1,Yes,No,4,Yes,Yes,Fiber optic,No,No,Yes,No,Yes,Yes,Two year,No,Electronic check,119.86,479.44,No
2305-DZ86,Male,0,No,No,17,Yes,Yes,No,No internet service,No internet service,No internet service,No internet service,No internet service,No internet service,Month-to-month,No,Electronic check,45.58,774.86,Yes
6845-DZ97,Female,0,No,No,52,Yes,No,No,No internet service,No internet service,No internet service,No internet service,No internet service,No internet service,Month-to-month,Yes,Electronic check,29.95,1557.4,No
9505-AW72,Male,0,Yes,No,5,Yes,Yes,Fiber optic,No,No,No,No,Yes,Yes,One year,No,Credit card (automatic),111.79,558.95,Yes
5342-BY16,Male,0,Yes,No,59,Yes,No,No,No internet service,No internet service,No internet service,No internet service,No internet service,No internet service,One year,No,Electronic check,23.17,1367.03,No
9115-BX11,Male,0,Yes,No,5,Yes,No,No,No internet service,No internet service,No internet service,No internet service,No internet service,No internet service,Month-to-month,Yes,Credit card (automatic),26.93,134.65,No
9352-DZ85,Male,0,Yes,Yes,11,Yes,Yes,DSL,No,Yes,No,Yes,Yes,No,Month-to-month,No,Electronic check,100.67,1107.37,Yes
4892-BW50,Male,0,No,No,5,Yes,No,DSL,Yes,No,No,No,No,Yes,Two year,Yes,Credit card (automatic),80.43,402.15,Yes
4395-EZ94,Female,1,No,No,8,No,No phone service,No,No internet service,No internet service,No internet service,No internet service,No internet service,No internet service,Month-to-month,No,Electronic check,20.73,165.84,Yes
9150-EZ64,Male,0,Yes,No,49,Yes,Yes,DSL,No,Yes,Yes,No,No,Yes,Two year,No,Electronic check,106.72,5229.28,No
9696-EZ31,Female,0,Yes,No,53,Yes,No,DSL,No,No,Yes,Yes,No,Yes,Month-to-month,No,Mailed check,84.9,4499.7,No
9892-EX59,Male,0,No,No,55,Yes,No,DSL,Yes,No,Yes,No,No,No,One year,Yes,Electronic check,73.54,4044.7,No
4005-BY19,Female,0,Yes,No,53,Yes,Yes,Fiber optic,No,No,Yes,Yes,No,Yes,Month-to-month,No,Credit card (automatic),116.07,6151.71,No
1010-CZ13,Male,0,No,Yes,3,Yes,Yes,DSL,Yes,No,No,No,Yes,No,Two year,Yes,Mailed check,94.43,283.29,Yes
8334-AY54,Male,0,Yes,Yes,31,Yes,No,DSL,No,Yes,Yes,No,No,No,Month-to-month,Yes,Bank transfer (automatic),76.66,2376.46,Yes
7860-BY51,Female,0,No,Yes,65,Yes,No,No,No internet service,No internet service,No internet service,No internet service,No internet service,No internet service,Month-to-month,No,Electronic check,31.29,2033.85,No
1284-CZ69,Female,0,Yes,No,9,Yes,No,Fiber optic,Yes,No,No,Yes,Yes,Yes,Month-to-month,No,Bank transfer (automatic),109.35,984.15,Yes
3435-DZ50,Female,0,No,No,10,Yes,Yes,Fiber optic,No,No,No,No,No,No,Two year,Yes,Bank transfer (automatic),93.58,935.8,Yes
2029-BZ66,Male,0,No,No,51,Yes,Yes,DSL,Yes,Yes,No,Yes,No,Yes,Two year,No,Bank transfer (automatic),112.41,5732.91,No
9091-DY85,Female,0,Yes,No,6,Yes,Yes,Fiber optic,Yes,No,No,No,No,Yes,Month-to-month,Yes,Electronic check,112.65,675.9,Yes
1553-DZ98,Male,1,Yes,No,56,Yes,No,Fiber optic,Yes,No,Yes,Yes,Yes,Yes,Month-to-month,Yes,Credit card (automatic),115.83,6486.48,No
5159-BY38,Male,0,Yes,No,39,Yes,Yes,Fiber optic,No,No,No,No,Yes,Yes,Two year,No,Credit card (automatic),116.5,4543.5,No
6394-AZ54,Female,0,Yes,No,5,Yes,Yes,DSL,Yes,Yes,No,Yes,No,No,Two year,Yes,Credit card (automatic),96.01,480.05,No
6313-EX74,Female,1,Yes,No,9,Yes,No,Fiber optic,No,No,Yes,No,Yes,Yes,One year,Yes,Bank transfer (automatic),105.65,950.85,No
1838-BY85,Male,0,Yes,No,11,Yes,No,No,No internet service,No internet service,No internet service,No internet service,No internet service,No internet service,Two year,No,Mailed check,34.3,377.3,No
4503-AZ74,Male,1,No,No,10,Yes,Yes,Fiber optic,Yes,Yes,No,No,No,Yes,Month-to-month,Yes,Electronic check,119.97,1199.7,Yes
8824-DW33,Female,0,Yes,Yes,39,Yes,No,Fiber optic,No,No,No,Yes,No,No,Month-to-month,Yes,Credit card (automatic),80.97,3157.83,No
3284-EW13,Female,0,Yes,No,52,Yes,No,Fiber optic,Yes,Yes,Yes,No,No,Yes,Month-to-month,Yes,Credit card (automatic),113.39,5896.28,No
3808-DW82,Female,0,No,Yes,56,Yes,Yes,Fiber optic,No,No,Yes,Yes,Yes,No,One year,No,Electronic check,119.08,6668.48,No
7521-DZ36,Male,0,Yes,No,2,Yes,Yes,Fiber optic,No,No,No,No,Yes,No,Month-to-month,No,Mailed check,100.78,201.56,No
5771-AY33,Male,0,No,No,48,Yes,Yes,DSL,Yes,No,Yes,No,Yes,No,Month-to-month,Yes,Credit card (automatic),104.43,5012.64,No
6796-AZ35,Male,0,Yes,No,10,Yes,No,Fiber optic,Yes,No,Yes,No,No,Yes,Month-to-month,Yes,Electronic check,101.87,1018.7,Yes
4459-DW29,Male,0,No,Yes,6,No,No phone service,No,No internet service,No internet service,No internet service,No internet service,No internet service,No internet service,Month-to-month,No,Electronic check,21.16,126.96,Yes
7363-EZ78,Male,0,No,No,6,Yes,No,No,No internet service,No internet service,No internet service,No internet service,No internet service,No internet service,Month-to-month,No,Credit card (automatic),31.12,186.72,Yes
7751-DX73,Male,0,No,Yes,49,Yes,Yes,DSL,No,Yes,No,No,Yes,No,Month-to-month,Yes,Credit card (automatic),96.51,4728.99,No
6319-DZ34,Female,1,No,No,2,Yes,Yes,DSL,Yes,Yes,No,No,Yes,Yes,Two year,Yes,Credit card (automatic),120.77,241.54,No
9130-BZ90,Male,0,Yes,Yes,31,Yes,No,Fiber optic,No,Yes,No,No,Yes,Yes,Month-to-month,No,Electronic check,109.84,3405.04,Yes
4316-DY95,Male,0,No,No,12,Yes,No,No,No internet service,No internet service,No internet service,No internet service,No internet service,No internet service,Month-to-month,Yes,Electronic check,33.0,396.0,No
7572-BX44,Male,0,Yes,No,11,Yes,No,Fiber optic,No,Yes,No,No,No,Yes,One year,Yes,Bank transfer (automatic),93.42,1027.62,Yes
1638-CX22,Female,0,Yes,No,41,No,No phone service,Fiber optic,Yes,No,No,No,Yes,No,Two year,No,Mailed check,80.45,3298.45,No
1089-AY71,Male,1,Yes,Yes,3,Yes,No,DSL,Yes,No,No,No,Yes,No,One year,Yes,Electronic check,79.44,238.32,No
1550-DW87,Male,0,No,Yes,33,Yes,No,Fiber optic,Yes,No,Yes,No,Yes,No,Month-to-month,Yes,Credit card (automatic),101.54,3350.82,Yes
5178-DZ59,Female,0,Yes,No,24,Yes,No,Fiber optic,No,No,No,No,Yes,No,Two year,No,Credit card (automatic),88.8,2131.2,No
7091-BY55,Male,0,No,No,10,Yes,Yes,No,No internet service,No internet service,No internet service,No internet service,No internet service,No internet service,Month-to-month,Yes,Electronic check,44.41,444.1,Yes
1889-AY74,Male,0,No,No,63,Yes,Yes,DSL,No,Yes,Yes,Yes,Yes,Yes,Month-to-month,Yes,Electronic check,126.98,7999.74,No
5051-BY89,Male,0,No,Yes,11,Yes,Yes,Fiber optic,Yes,No,Yes,Yes,No,No,One year,Yes,Electronic check,108.78,1196.58,Yes
7197-EZ72,Male,0,No,No,27,Yes,No,Fiber optic,Yes,No,Yes,Yes,Yes,No,One year,No,Mailed check,110.16,2974.32,No
9629-DY61,Male,0,Yes,Yes,48,Yes,No,Fiber optic,No,No,No,No,No,No,One year,No,Electronic check,76.12,3653.76,No
7837-CW21,Female,0,Yes,Yes,58,Yes,No,No,No internet service,No internet service,No internet service,No internet service,No internet service,No internet service,Two year,Yes,Mailed check,27.07,1570.06,No
4577-DY95,Female,0,Yes,No,22,Yes,Yes,DSL,Yes,Yes,No,No,No,Yes,One year,No,Mailed check,105.72,2325.84,No
3261-DX87,Female,1,Yes,No,7,Yes,Yes,Fiber optic,No,No,Yes,No,No,Yes,Two year,Yes,Credit card (automatic),112.62,788.34,No
8235-DZ46,Male,1,Yes,Yes,18,Yes,Yes,Fiber optic,No,Yes,No,No,Yes,Yes,One year,Yes,Electronic check,120.71,2172.78,No
4757-AW75,Male,0,Yes,Yes,3,Yes,Yes,Fiber optic,Yes,Yes,Yes,No,No,No,Month-to-month,No,Mailed check,121.95,365.85,Yes
2284-EY17,Male,0,Yes,Yes,1,Yes,No,DSL,Yes,Yes,No,No,No,No,Month-to-month,Yes,Bank transfer (automatic),72.65,72.65,Yes
9521-EX62,Female,0,No,No,26,Yes,No,Fiber optic,No,Yes,No,Yes,No,No,Month-to-month,No,Bank transfer (automatic),86.96,2260.96,Yes
1412-EX36,Male,0,No,No,7,No,No phone service,Fiber optic,No,Yes,Yes,No,Yes,Yes,Month-to-month,No,Credit card (automatic),103.58,725.06,Yes
6571-EY39,Male,1,Yes,Yes,4,Yes,Yes,No,No internet service,No internet service,No internet service,No internet service,No internet service,No internet service,Two year,Yes,Bank transfer (automatic),45.57,182.28,No
7280-AZ32,Female,0,No,Yes,60,Yes,Yes,DSL,No,No,No,Yes,No,Yes,One year,No,Credit card (automatic),90.16,5409.6,No
3882-EW24,Male,0,Yes,No,8,Yes,No,No,No internet service,No internet service,No internet service,No internet service,No internet service,No internet service,Month-to-month,Yes,Electronic check,31.86,254.88,Yes
1180-DW49,Female,0,Yes,No,6,Yes,Yes,DSL,No,No,No,No,Yes,Yes,Month-to-month,No,Mailed check,106.38,638.28,Yes
6038-CZ31,Female,0,No,No,7,Yes,No,DSL,No,Yes,No,Yes,No,No,Month-to-month,Yes,Mailed check,71.82,502.74,Yes
4390-EW34,Female,0,No,Yes,10,Yes,Yes,DSL,Yes,No,Yes,Yes,Yes,No,Two year,Yes,Credit card (automatic),111.59,1115.9,No
6681-CZ95,Male,0,Yes,Yes,33,Yes,Yes,No,No internet service,No internet service,No internet service,No internet service,No internet service,No internet service,Month-to-month,No,Electronic check,47.87,1579.71,Yes
5132-CZ11,Male,0,No,No,52,Yes,Yes,DSL,No,No,Yes,No,No,Yes,One year,No,Electronic check,97.3,5059.6,No
3303-AW26,Male,0,No,No,4,Yes,Yes,No,No internet service,No internet service,No internet service,No internet service,No internet service,No internet service,One year,Yes,Bank transfer (automatic),51.48,205.92,No
2391-EZ93,Male,0,No,Yes,4,Yes,No,Fiber optic,No,No,Yes,Yes,Yes,No,Month-to-month,Yes,Electronic check,101.59,406.36,Yes
7615-EY52,Male,0,No,No,56,Yes,Yes,No,No internet service,No internet service,No internet service,No internet service,No internet service,No internet service,Month-to-month,Yes,Bank transfer (automatic),50.96,2853.76,Yes
5984-EW11,Male,0,No,Yes,2,Yes,Yes,No,No internet service,No internet service,No internet service,No internet service,No internet service,No internet service,Month-to-month,Yes,Credit card (automatic),44.82,89.64,Yes
4704-CZ43,Male,0,Yes,No,54,Yes,No,Fiber optic,No,Yes,Yes,No,No,No,Two year,Yes,Credit card (automatic),89.47,4831.38,No
8791-DW15,Female,0,Yes,No,6,Yes,Yes,No,No internet service,No internet service,No internet service,No internet service,No internet service,No internet service,Two year,No,Electronic check,50.64,303.84,No
7460-AZ44,Male,0,Yes,Yes,1,Yes,Yes,Fiber optic,No,No,Yes,No,No,Yes,One year,Yes,Electronic check,108.9,108.9,Yes
3934-EX95,Female,0,Yes,No,56,Yes,No,No,No internet service,No internet service,No internet service,No internet service,No internet service,No internet service,One year,No,Mailed check,33.21,1859.76,No
5319-DZ88,Male,0,No,No,49,Yes,No,DSL,Yes,No,Yes,Yes,No,Yes,Month-to-month,Yes,Bank transfer (automatic),94.52,4631.48,No
3877-DX84,Male,0,Yes,No,48,Yes,No,DSL,Yes,No,No,Yes,No,Yes,Month-to-month,No,Bank transfer (automatic),84.18,4040.64,Yes
8609-DX25,Male,1,No,No,62,Yes,Yes,Fiber optic,No,Yes,No,Yes,Yes,Yes,Two year,Yes,Bank transfer (automatic),126.19,7823.78,No
9134-CZ59,Female,0,No,Yes,30,Yes,Yes,Fiber optic,No,No,Yes,No,Yes,Yes,Two year,No,Bank transfer (automatic),124.12,3723.6,No
8226-CZ71,Female,0,No,No,51,Yes,Yes,Fiber optic,Yes,No,No,No,Yes,Yes,One year,Yes,Electronic check,118.81,6059.31,No
1995-BW63,Female,0,No,Yes,70,Yes,Yes,Fiber optic,No,Yes,Yes,Yes,Yes,Yes,One year,No,Credit card (automatic),137.37,9615.9,No
1992-DZ60,Female,0,No,No,5,Yes,No,Fiber optic,No,No,No,Yes,No,No,Month-to-month,Yes,Electronic check,81.05,405.25,Yes
6961-AW94,Male,0,Yes,No,57,Yes,No,Fiber optic,No,Yes,No,No,No,Yes,Month-to-month,Yes,Electronic check,92.36,5264.52,Yes
8552-EY94,Female,0,No,No,57,Yes,No,DSL,Yes,Yes,No,Yes,No,No,One year,Yes,Bank transfer (automatic),81.73,4658.61,No
6976-DW82,Male,0,Yes,Yes,47,Yes,Yes,No,No internet service,No internet service,No internet service,No internet service,No internet service,No internet service,Two year,Yes,Mailed check,45.62,2144.14,No
3779-EW70,Male,0,No,No,40,Yes,No,No,No internet service,No internet service,No internet service,No internet service,No internet service,No internet service,Month-to-month,No,Bank transfer (automatic),21.07,842.8,No
4686-AZ33,Female,0,Yes,No,62,Yes,No,No,No internet service,No internet service,No internet service,No internet service,No internet service,No internet service,Month-to-month,Yes,Mailed check,32.53,2016.86,No
1909-CX97,Female,0,No,No,10,Yes,Yes,Fiber optic,No,No,No,No,Yes,No,Month-to-month,No,Electronic check,98.12,981.2,Yes
2006-CW10,Female,0,No,Yes,4,Yes,No,Fiber optic,No,Yes,No,Yes,Yes,Yes,Month-to-month,Yes,Electronic check,111.5,446.0,Yes
2224-CZ77,Female,0,Yes,Yes,27,Yes,No,No,No internet service,No internet service,No internet service,No internet service,No internet service,No internet service,Month-to-month,Yes,Bank transfer (automatic),25.67,693.09,Yes
1181-EW29,Female,0,Yes,No,65,No,No phone service,No,No internet service,No internet service,No internet service,No internet service,No internet service,No internet service,Two year,No,Electronic check,20.81,1352.65,Yes
5946-CX19,Female,0,No,No,29,Yes,No,No,No internet service,No internet service,No internet service,No internet service,No internet service,No internet service,Two year,No,Bank transfer (automatic),34.39,997.31,No
9846-AZ25,Female,0,No,Yes,36,Yes,No,Fiber optic,Yes,No,No,No,No,Yes,Two year,Yes,Credit card (automatic),94.59,3405.24,No
9913-AZ75,Female,0,No,No,25,Yes,Yes,Fiber optic,Yes,No,No,Yes,No,No,One year,No,Mailed check,107.31,2682.75,No
9501-BW24,Male,0,No,No,19,Yes,Yes,No,No internet service,No internet service,No internet service,No internet service,No internet service,No internet service,Month-to-month,No,Credit card (automatic),46.62,885.78,No
4643-CW49,Female,0,Yes,No,69,Yes,Yes,DSL,No,Yes,No,No,No,Yes,Two year,No,Credit card (automatic),97.22,6708.18,No
5575-EX72,Female,0,Yes,Yes,57,Yes,No,Fiber optic,No,No,Yes,Yes,No,Yes,Month-to-month,Yes,Credit card (automatic),99.99,5699.43,No
8447-DX37,Male,0,Yes,Yes,3,Yes,Yes,No,No internet service,No internet service,No internet service,No internet service,No internet service,No internet service,Two year,No,Bank transfer (automatic),49.78,149.34,No
5023-DX87,Female,0,No,No,3,Yes,No,Fiber optic,No,Yes,No,No,Yes,No,Two year,Yes,Electronic check,94.0,282.0,Yes
2782-AZ65,Male,0,Yes,Yes,9,Yes,No,Fiber optic,Yes,Yes,No,No,Yes,Yes,Month-to-month,No,Mailed check,115.84,1042.56,Yes
5412-AW49,Male,0,No,No,3,Yes,No,Fiber optic,Yes,Yes,Yes,No,Yes,No,Month-to-month,Yes,Bank transfer (automatic),110.55,331.65,Yes
5680-DY96,Female,0,No,No,60,Yes,Yes,No,No internet service,No internet service,No internet service,No internet service,No internet service,No internet service,Month-to-month,No,Electronic check,43.66,2619.6,No
5827-DY60,Male,1,No,No,34,Yes,Yes,Fiber optic,Yes,No,No,No,Yes,No,Month-to-month,No,Bank transfer (automatic),112.82,3835.88,No
4129-BY69,Male,0,No,No,6,Yes,No,No,No internet service,No internet service,No internet service,No internet service,No internet service,No internet service,Month-to-month,Yes,Mailed check,31.91,191.46,Yes
7546-DZ36,Male,1,No,No,2,Yes,No,Fiber optic,No,No,No,No,No,No,Two year,Yes,Electronic check,68.44,136.88,Yes
8609-DW74,Male,0,Yes,Yes,5,No,No phone service,Fiber optic,No,No,No,No,No,No,One year,No,Mailed check,66.26,331.3,No
2398-DX48,Female,0,No,No,71,Yes,No,Fiber optic,Yes,No,No,Yes,Yes,No,Month-to-month,Yes,Electronic check,109.29,7759.59,No
8989-CZ93,Male,0,No,No,9,Yes,Yes,Fiber optic,No,Yes,No,No,Yes,Yes,Month-to-month,Yes,Electronic check,122.56,1103.04,Yes
9234-EW36,Female,1,No,No,53,No,No phone service,Fiber optic,No,No,Yes,Yes,Yes,No,One year,Yes,Credit card (automatic),91.47,4847.91,No
6784-DX75,Male,0,No,Yes,14,Yes,No,Fiber optic,Yes,No,No,No,Yes,No,Month-to-month,No,Mailed check,93.85,1313.9,No
5728-AY88,Male,0,Yes,Yes,68,Yes,No,DSL,No,Yes,Yes,No,Yes,No,Month-to-month,No,Mailed check,86.31,5869.08,No
1537-DW55,Male,0,Yes,Yes,10,Yes,No,DSL,Yes,Yes,No,No,No,Yes,One year,No,Electronic check,84.55,845.5,Yes
4583-CY58,Male,0,No,No,51,Yes,No,DSL,Yes,No,Yes,No,Yes,Yes,Month-to-month,Yes,Mailed check,99.45,5071.95,No
4856-AW41,Female,1,Yes,No,65,Yes,No,No,No internet service,No internet service,No internet service,No internet service,No internet service,No internet service,Month-to-month,Yes,Electronic check,29.43,1912.95,No
3625-CZ93,Female,0,No,No,8,Yes,Yes,DSL,No,No,No,No,No,No,Month-to-month,Yes,Bank transfer (automatic),76.8,614.4,Yes
3925-CZ68,Male,0,No,Yes,6,Yes,Yes,DSL,No,Yes,Yes,No,Yes,Yes,Month-to-month,No,Credit card (automatic),113.43,680.58,Yes
8197-CZ35,Male,0,Yes,Yes,2,Yes,No,DSL,No,No,No,Yes,No,No,Month-to-month,Yes,Credit card (automatic),74.03,148.06,Yes
9541-BX50,Female,1,No,No,8,Yes,Yes,Fiber optic,No,Yes,Yes,No,Yes,Yes,Month-to-month,Yes,Electronic check,127.19,1017.52,Yes
8381-CY72,Male,1,Yes,No,66,Yes,No,DSL,Yes,No,No,No,Yes,Yes,Month-to-month,No,Mailed check,92.44,6101.04,No
8028-EW45,Male,0,No,Yes,52,Yes,No,Fiber optic,Yes,No,No,No,No,No,Two year,No,Credit card (automatic),80.76,4199.52,No
7041-BY43,Male,0,No,No,8,Yes,No,DSL,No,No,No,No,No,No,One year,Yes,Electronic check,58.38,467.04,Yes
1923-CW73,Female,1,No,Yes,66,Yes,No,No,No internet service,No internet service,No internet service,No internet service,No internet service,No internet service,One year,Yes,Electronic check,29.16,1924.56,No
7342-BZ44,Female,0,Yes,No,44,Yes,Yes,No,No internet service,No internet service,No internet service,No internet service,No internet service,No internet service,Month-to-month,Yes,Credit card (automatic),45.61,2006.84,No
6580-AW68,Female,0,Yes,No,62,Yes,Yes,No,No internet service,No internet service,No internet service,No internet service,No internet service,No internet service,Month-to-month,No,Credit card (automatic),47.41,2939.42,No
1082-EX94,Male,1,No,Yes,59,Yes,No,Fiber optic,No,Yes,No,No,No,Yes,Month-to-month,Yes,Mailed check,93.6,5522.4,No
8375-EW69,Male,0,No,Yes,10,Yes,Yes,Fiber optic,No,No,No,No,No,No,Two year,No,Electronic check,85.51,855.1,Yes
6489-CZ88,Female,0,No,No,52,Yes,No,Fiber optic,Yes,No,Yes,No,No,No,Month-to-month,Yes,Mailed check,95.11,4945.72,No
1230-CY28,Female,0,Yes,Yes,1,Yes,No,Fiber optic,No,No,No,No,No,Yes,One year,No,Mailed check,84.07,84.07,Yes
7833-AY12,Female,1,Yes,No,29,Yes,Yes,Fiber optic,Yes,No,No,Yes,No,No,Month-to-month,Yes,Mailed check,105.26,3052.54,No
5838-DY56,Female,1,Yes,No,10,Yes,Yes,DSL,No,No,No,No,Yes,No,Two year,Yes,Mailed check,87.17,871.7,No
3695-AY54,Male,1,No,No,7,Yes,No,No,No internet service,No internet service,No internet service,No internet service,No internet service,No internet service,Two year,No,Mailed check,29.69,207.83,No
1608-DX84,Female,0,Yes,No,64,Yes,No,DSL,No,No,No,Yes,Yes,No,Month-to-month,No,Bank transfer (automatic),75.76,4848.64,No
8316-EY67,Male,1,Yes,No,61,Yes,Yes,Fiber optic,Yes,No,No,Yes,Yes,No,One year,No,Bank transfer (automatic),120.59,7355.99,No
5891-AX84,Female,1,No,Yes,29,Yes,No,Fiber optic,No,No,No,Yes,Yes,No,Month-to-month,No,Bank transfer (automatic),86.55,2509.95,No
2323-AX34,Male,0,Yes,No,57,No,No phone service,Fiber optic,No,No,No,No,Yes,Yes,One year,Yes,Electronic check,91.94,5240.58,No
1688-EX55,Female,0,No,No,10,Yes,No,No,No internet service,No internet service,No internet service,No internet service,No internet service,No internet service,Month-to-month,Yes,Mailed check,33.47,334.7,Yes
4447-BY86,Female,0,No,No,53,Yes,No,Fiber optic,No,Yes,Yes,No,Yes,Yes,Month-to-month,Yes,Electronic check,117.71,6238.63,No
8255-EZ87,Female,0,No,Yes,61,Yes,Yes,Fiber optic,Yes,No,No,Yes,Yes,No,Month-to-month,No,Mailed check,117.09,7142.49,No
9632-AZ40,Female,0,Yes,Yes,18,Yes,Yes,Fiber optic,No,No,Yes,No,No,No,Two year,Yes,Credit card (automatic),98.39,1771.02,Yes
6123-CW15,Male,0,Yes,No,9,Yes,No,DSL,No,Yes,No,Yes,Yes,No,Two year,Yes,Bank transfer (automatic),85.99,773.91,No
2752-CX26,Female,0,No,Yes,68,Yes,No,Fiber optic,No,Yes,No,Yes,No,No,Month-to-month,Yes,Electronic check,91.21,6202.28,No
6916-CW11,Male,0,No,No,9,Yes,Yes,No,No internet service,No internet service,No internet service,No internet service,No internet service,No internet service,One year,No,Electronic check,46.89,422.01,No
4359-AX62,Male,0,No,No,2,Yes,No,No,No internet service,No internet service,No internet service,No internet service,No internet service,No internet service,Month-to-month,No,Electronic check,26.71,53.42,No
5014-DX22,Male,0,Yes,No,49,No,No phone service,Fiber optic,Yes,Yes,No,Yes,Yes,No,Month-to-month,No,Electronic check,100.6,4929.4,No
8996-CY73,Male,0,No,No,3,No,No phone service,DSL,No,No,Yes,No,Yes,Yes,Two year,Yes,Mailed check,80.57,241.71,Yes
9524-DW47,Female,0,No,No,8,Yes,No,DSL,No,Yes,No,No,No,Yes,Month-to-month,No,Mailed check,83.52,668.16,Yes
8740-CX54,Male,0,No,No,64,Yes,Yes,Fiber optic,Yes,No,No,Yes,Yes,Yes,One year,Yes,Electronic check,127.18,8139.52,No
4595-DY29,Male,0,No,Yes,56,Yes,No,No,No internet service,No internet service,No internet service,No internet service,No internet service,No internet service,Month-to-month,Yes,Electronic check,31.88,1785.28,No
2882-BY30,Male,0,No,No,5,No,No phone service,Fiber optic,No,Yes,No,Yes,Yes,Yes,Month-to-month,Yes,Bank transfer (automatic),104.84,524.2,No
6404-EZ86,Female,0,No,No,15,Yes,No,No,No internet service,No internet service,No internet service,No internet service,No internet service,No internet service,Month-to-month,Yes,Mailed check,29.63,444.45,Yes
5198-DW68,Female,1,Yes,No,65,Yes,Yes,Fiber optic,No,Yes,Yes,No,Yes,Yes,Two year,No,Credit card (automatic),131.97,8578.05,No
4202-CZ17,Female,0,No,No,9,No,No phone service,DSL,No,No,Yes,No,Yes,Yes,Two year,No,Electronic check,80.85,727.65,No
7189-BX67,Female,0,Yes,No,8,Yes,Yes,DSL,No,No,No,Yes,Yes,No,Month-to-month,Yes,Credit card (automatic),95.31,762.48,Yes
8336-BW88,Male,0,Yes,No,4,Yes,No,DSL,No,Yes,No,No,Yes,No,Two year,No,Bank transfer (automatic),83.33,333.32,Yes
3162-DW57,Male,1,Yes,No,50,Yes,Yes,Fiber optic,No,Yes,No,No,Yes,No,Two year,Yes,Electronic check,107.67,5383.5,No
4141-DZ36,Female,0,Yes,Yes,42,No,No phone service,DSL,No,No,No,No,No,Yes,Month-to-month,Yes,Electronic check,62.81,2638.02,Yes
4630-EW32,Male,1,Yes,No,11,Yes,Yes,Fiber optic,No,No,Yes,No,No,No,Month-to-month,Yes,Mailed check,100.64,1107.04,Yes
7797-EY85,Male,0,Yes,No,1,Yes,No,Fiber optic,Yes,No,Yes,No,No,No,Month-to-month,Yes,Mailed check,92.4,92.4,No
1576-EZ82,Male,1,No,No,49,Yes,No,DSL,No,Yes,No,No,No,No,Month-to-month,Yes,Electronic check,71.84,3520.16,No
4561-BZ14,Female,0,No,No,2,Yes,No,DSL,Yes,Yes,Yes,Yes,Yes,Yes,One year,No,Credit card (automatic),115.64,231.28,No
5547-DZ81,Female,1,Yes,No,50,Yes,No,DSL,No,Yes,No,No,No,No,Month-to-month,No,Electronic check,70.01,3500.5,Yes
2231-AW88,Male,0,No,Yes,63,Yes,Yes,Fiber optic,No,Yes,Yes,Yes,Yes,No,Month-to-month,No,Mailed check,129.31,8146.53,Yes
8566-BX15,Female,0,No,No,3,No,No phone service,Fiber optic,No,No,Yes,No,Yes,No,Month-to-month,Yes,Mailed check,79.93,239.79,Yes
7721-EY48,Female,0,Yes,Yes,53,Yes,Yes,DSL,Yes,Yes,Yes,No,Yes,Yes,Month-to-month,No,Mailed check,121.78,6454.34,No
1097-EW97,Female,0,Yes,No,68,Yes,Yes,No,No internet service,No internet service,No internet service,No internet service,No internet service,No internet service,One year,No,Credit card (automatic),46.14,3137.52,No
3455-DZ13,Female,0,No,No,47,Yes,Yes,Fiber optic,No,No,Yes,No,Yes,Yes,One year,No,Credit card (automatic),124.76,5863.72,Yes
1972-EW19,Female,1,No,Yes,1,Yes,No,Fiber optic,No,No,No,No,Yes,No,Month-to-month,Yes,Electronic check,87.73,87.73,Yes
1808-EY80,Male,1,No,Yes,14,Yes,No,Fiber optic,No,No,Yes,No,No,No,Month-to-month,No,Mailed check,87.19,1220.66,Yes
6963-CZ60,Female,0,Yes,No,71,Yes,No,No,No internet service,No internet service,No internet service,No internet service,No internet service,No internet service,Month-to-month,No,Credit card (automatic),28.4,2016.4,No
2606-CY50,Male,0,Yes,Yes,52,Yes,Yes,Fiber optic,No,Yes,No,Yes,No,No,Two year,No,Electronic check,102.3,5319.6,No
3845-CX39,Male,0,Yes,No,11,Yes,Yes,Fiber optic,Yes,No,No,Yes,No,No,Month-to-month,Yes,Bank transfer (automatic),108.38,1192.18,No
7319-DW80,Female,0,Yes,Yes,11,Yes,No,Fiber optic,No,Yes,No,No,No,No,Month-to-month,Yes,Credit card (automatic),82.66,909.26,Yes
9156-BZ62,Male,0,Yes,Yes,8,Yes,No,Fiber optic,No,No,No,No,Yes,Yes,Month-to-month,Yes,Bank transfer (automatic),96.49,771.92,Yes
6886-AW58,Male,0,Yes,No,39,No,No phone service,Fiber optic,No,No,No,No,Yes,Yes,Month-to-month,Yes,Electronic check,94.13,3671.07,No
6168-BZ56,Male,0,No,No,72,Yes,Yes,Fiber optic,Yes,No,Yes,No,Yes,No,Month-to-month,Yes,Credit card (automatic),120.24,8657.28,Yes
9810-AY36,Female,0,No,No,9,Yes,No,No,No internet service,No internet service,No internet service,No internet service,No internet service,No internet service,One year,No,Credit card (automatic),31.95,287.55,No
4723-AZ80,Female,0,Yes,No,2,Yes,Yes,No,No internet service,No internet service,No internet service,No internet service,No internet service,No internet service,Two year,Yes,Bank transfer (automatic),49.78,99.56,Yes
5239-CZ34,Male,0,No,No,52,Yes,Yes,DSL,No,No,Yes,No,Yes,Yes,Month-to-month,Yes,Mailed check,105.84,5503.68,No
5932-DW15,Female,0,Yes,No,67,Yes,No,DSL,Yes,Yes,Yes,Yes,Yes,No,One year,Yes,Credit card (automatic),108.24,7252.08,No
6008-CZ54,Female,0,Yes,No,36,Yes,Yes,DSL,No,No,Yes,No,No,Yes,One year,Yes,Credit card (automatic),96.26,3465.36,No
3166-CX55,Female,1,Yes,No,53,Yes,No,Fiber optic,No,No,No,No,No,No,Month-to-month,Yes,Credit card (automatic),73.23,3881.19,Yes
7272-CY88,Female,0,No,No,3,Yes,Yes,Fiber optic,Yes,Yes,No,Yes,Yes,Yes,Month-to-month,No,Mailed check,137.98,413.94,Yes
3645-BW74,Male,0,No,No,24,Yes,Yes,DSL,No,Yes,Yes,No,No,Yes,Month-to-month,Yes,Credit card (automatic),103.56,2485.44,Yes
5627-DX98,Male,0,No,Yes,9,Yes,Yes,DSL,No,No,No,Yes,Yes,No,Two year,No,Bank transfer (automatic),98.34,885.06,No
8311-DX56,Female,0,Yes,No,3,Yes,No,DSL,Yes,Yes,Yes,No,Yes,No,Two year,Yes,Electronic check,91.95,275.85,Yes
1249-AY32,Female,1,No,Yes,33,Yes,No,DSL,Yes,No,No,Yes,Yes,Yes,Month-to-month,No,Mailed check,94.75,3126.75,No
4018-AZ14,Male,0,Yes,No,9,Yes,No,DSL,Yes,No,Yes,No,Yes,Yes,Month-to-month,No,Bank transfer (automatic),97.64,878.76,Yes
4244-AZ90,Male,0,No,Yes,68,Yes,No,Fiber optic,No,No,Yes,No,Yes,No,Two year,Yes,Credit card (automatic),94.8,6446.4,No
8421-BX40,Female,0,No,No,44,Yes,No,DSL,Yes,Yes,No,Yes,Yes,Yes,Month-to-month,No,Credit card (automatic),110.14,4846.16,No
8361-EW63,Male,1,Yes,No,2,Yes,Yes,DSL,No,No,No,No,No,Yes,One year,Yes,Electronic check,85.63,171.26,No
8654-EZ10,Female,1,No,Yes,67,Yes,Yes,No,No internet service,No internet service,No internet service,No internet service,No internet service,No internet service,Month-to-month,Yes,Mailed check,46.25,3098.75,No
7140-DY82,Female,0,No,Yes,54,No,No phone service,No,No internet service,No internet service,No internet service,No internet service,No internet service,No internet service,Two year,Yes,Mailed check,24.81,1339.74,No
5924-EY13,Male,0,Yes,Yes,71,Yes,Yes,DSL,Yes,No,Yes,Yes,No,No,Two year,Yes,Credit card (automatic),93.9,6666.9,Yes
1830-DY11,Male,0,No,No,9,Yes,Yes,DSL,Yes,Yes,No,No,Yes,Yes,Month-to-month,No,Electronic check,114.59,1031.31,Yes
7852-CW28,Female,1,Yes,No,7,Yes,No,Fiber optic,No,Yes,No,No,Yes,Yes,One year,Yes,Bank transfer (automatic),114.26,799.82,No
7493-AX95,Female,0,No,Yes,11,Yes,Yes,Fiber optic,No,No,Yes,No,Yes,No,Month-to-month,Yes,Bank transfer (automatic),107.87,1186.57,Yes
2188-DX78,Male,1,No,No,64,Yes,Yes,DSL,Yes,No,Yes,No,No,Yes,Month-to-month,Yes,Credit card (automatic),100.55,6435.2,No
8487-AX38,Female,0,No,No,21,Yes,Yes,DSL,No,Yes,No,Yes,No,No,One year,Yes,Mailed check,92.56,1943.76,No
6145-EZ82,Male,0,No,No,18,Yes,Yes,DSL,Yes,Yes,No,No,No,Yes,Month-to-month,No,Bank transfer (automatic),101.41,1825.38,Yes
3934-BZ51,Female,0,No,No,27,Yes,No,Fiber optic,No,No,No,No,Yes,Yes,One year,Yes,Credit card (automatic),102.23,2760.21,No
2369-EZ68,Male,0,Yes,No,40,No,No phone service,No,No internet service,No internet service,No internet service,No internet service,No internet service,No internet service,Month-to-month,Yes,Bank transfer (automatic),27.43,1097.2,Yes
9116-CX15,Male,0,No,No,44,Yes,No,No,No internet service,No internet service,No internet service,No internet service,No internet service,No internet service,One year,Yes,Electronic check,30.22,1329.68,No
9323-EY64,Male,0,Yes,Yes,72,Yes,Yes,Fiber optic,Yes,No,Yes,No,No,Yes,Month-to-month,Yes,Electronic check,126.21,9087.12,No
1471-EX12,Female,0,No,Yes,10,Yes,Yes,Fiber optic,No,No,Yes,Yes,Yes,No,Two year,Yes,Credit card (automatic),116.64,1166.4,No
6126-DY26,Female,0,Yes,Yes,66,Yes,Yes,Fiber optic,No,No,No,No,No,No,Month-to-month,Yes,Electronic check,89.5,5907.0,No
8618-CX45,Male,0,Yes,Yes,65,Yes,No,Fiber optic,No,Yes,No,No,Yes,No,Month-to-month,Yes,Bank transfer (automatic),92.12,5987.8,No
3389-AZ76,Female,0,No,No,54,Yes,Yes,DSL,Yes,Yes,No,Yes,No,Yes,Month-to-month,No,Bank transfer (automatic),109.65,5921.1,No
1463-CX58,Male,1,Yes,No,69,Yes,No,Fiber optic,Yes,No,No,Yes,No,No,Month-to-month,Yes,Credit card (automatic),90.28,6229.32,No
6446-BZ52,Male,1,No,No,46,Yes,No,No,No internet service,No internet service,No internet service,No internet service,No internet service,No internet service,Month-to-month,No,Mailed check,31.24,1437.04,No
2310-CW74,Female,1,Yes,Yes,72,Yes,Yes,Fiber optic,Yes,Yes,No,No,Yes,Yes,Month-to-month,No,Bank transfer (automatic),126.26,9090.72,No
5056-BX74,Female,1,Yes,Yes,10,Yes,Yes,No,No internet service,No internet service,No internet service,No internet service,No internet service,No internet service,Two year,No,Electronic check,43.45,434.5,No
7732-DW21,Male,0,No,No,27,Yes,Yes,Fiber optic,No,Yes,No,No,Yes,No,Month-to-month,Yes,Mailed check,108.52,2930.04,Yes
7290-BZ47,Female,0,Yes,No,1,Yes,No,Fiber optic,No,No,No,No,No,Yes,Two year,No,Electronic check,89.68,89.68,Yes
1591-DW65,Female,0,Yes,Yes,3,Yes,No,DSL,No,No,Yes,Yes,Yes,No,One year,No,Credit card (automatic),88.35,265.05,Yes
6577-EZ70,Male,0,No,No,59,Yes,No,Fiber optic,No,No,Yes,No,Yes,No,Month-to-month,No,Credit card (automatic),95.35,5625.65,No
2624-CZ17,Male,0,Yes,No,5,Yes,No,No,No internet service,No internet service,No internet service,No internet service,No internet service,No internet service,One year,Yes,Electronic check,30.25,151.25,No
1739-BY67,Female,0,No,No,64,Yes,No,Fiber optic,No,No,No,No,No,Yes,Two year,Yes,Electronic check,81.77,5233.28,Yes
3647-EY26,Male,0,Yes,No,6,Yes,No,DSL,Yes,No,No,No,No,No,Month-to-month,No,Bank transfer (automatic),72.82,436.92,No
5571-EY11,Male,0,Yes,Yes,49,No,No phone service,DSL,No,No,No,No,No,No,Two year,Yes,Bank transfer (automatic),47.23,2314.27,No
8480-BX91,Female,0,No,Yes,5,Yes,Yes,Fiber optic,No,Yes,Yes,No,No,No,Month-to-month,Yes,Bank transfer (automatic),108.67,543.35,Yes
4420-BZ84,Male,0,Yes,No,3,Yes,Yes,Fiber optic,No,No,Yes,No,No,Yes,One year,Yes,Credit card (automatic),109.32,327.96,Yes
9062-BZ63,Male,0,Yes,No,12,Yes,Yes,Fiber optic,Yes,No,Yes,No,Yes,No,Month-to-month,No,Credit card (automatic),116.17,1394.04,No
7957-CW33,Female,0,Yes,No,62,Yes,No,No,No internet service,No internet service,No internet service,No internet service,No internet service,No internet service,Month-to-month,Yes,Mailed check,33.13,2054.06,No
6784-CW81,Female,1,Yes,No,10,No,No phone service,Fiber optic,Yes,Yes,No,No,No,Yes,One year,No,Electronic check,89.42,894.2,No
3884-DZ85,Male,0,No,Yes,54,Yes,Yes,Fiber optic,Yes,No,Yes,Yes,No,Yes,Month-to-month,Yes,Bank transfer (automatic),122.67,6624.18,No
5640-EX25,Male,0,Yes,No,10,Yes,No,DSL,Yes,Yes,No,No,No,Yes,Month-to-month,Yes,Credit card (automatic),88.47,884.7,Yes
4414-AX86,Female,1,No,Yes,40,Yes,Yes,DSL,No,Yes,No,No,No,No,Month-to-month,Yes,Mailed check,83.56,3342.4,No
3078-DY45,Female,1,No,No,1,Yes,No,Fiber optic,No,Yes,No,No,No,Yes,One year,No,Bank transfer (automatic),97.46,97.46,No
2338-BY12,Female,1,Yes,No,35,Yes,Yes,No,No internet service,No internet service,No internet service,No internet service,No internet service,No internet service,Month-to-month,Yes,Electronic check,47.15,1650.25,Yes
1733-AZ24,Female,0,No,No,72,Yes,Yes,Fiber optic,No,No,No,Yes,Yes,No,Month-to-month,Yes,Credit card (automatic),109.79,7904.88,No
2753-DX10,Male,0,Yes,No,4,Yes,No,Fiber optic,No,No,No,No,No,No,Month-to-month,Yes,Bank transfer (automatic),75.31,301.24,Yes
6764-BX14,Female,0,No,No,37,Yes,Yes,DSL,No,Yes,Yes,No,No,Yes,Two year,Yes,Mailed check,102.56,3794.72,No
7216-DY78,Female,0,Yes,No,55,Yes,No,No,No internet service,No internet service,No internet service,No internet service,No internet service,No internet service,Two year,No,Mailed check,34.25,1883.75,No
5566-DZ25,Male,0,No,No,10,Yes,Yes,No,No internet service,No internet service,No internet service,No internet service,No internet service,No internet service,Month-to-month,Yes,Electronic check,42.05,420.5,No
6325-AY32,Female,0,No,Yes,39,No,No phone service,Fiber optic,Yes,No,Yes,No,No,Yes,Month-to-month,Yes,Credit card (automatic),93.09,3630.51,No
8082-DY35,Male,0,Yes,Yes,11,Yes,Yes,DSL,No,No,No,Yes,Yes,No,Month-to-month,Yes,Bank transfer (automatic),97.31,1070.41,Yes
4368-AW64,Female,0,No,Yes,51,Yes,No,Fiber optic,Yes,Yes,Yes,Yes,Yes,Yes,Two year,Yes,Bank transfer (automatic),134.33,6850.83,No
7661-DZ76,Female,0,No,Yes,26,Yes,No,No,No internet service,No internet service,No internet service,No internet service,No internet service,No internet service,Two year,No,Electronic check,28.0,728.0,No
2719-BZ94,Female,0,Yes,No,5,Yes,Yes,Fiber optic,No,No,Yes,No,Yes,No,Month-to-month,Yes,Electronic check,107.09,535.45,Yes
9751-EZ34,Male,0,Yes,No,2,Yes,No,Fiber optic,Yes,Yes,No,Yes,No,Yes,Two year,Yes,Mailed check,107.28,214.56,No
7475-AY23,Male,0,No,No,2,Yes,No,DSL,Yes,No,No,Yes,Yes,Yes,Month-to-month,Yes,Electronic check,98.97,197.94,Yes
6075-BY48,Female,0,No,Yes,69,Yes,No,DSL,No,No,Yes,No,Yes,Yes,Month-to-month,No,Mailed check,92.76,6400.44,No
1146-CW52,Male,1,No,No,66,Yes,Yes,DSL,Yes,No,Yes,No,No,Yes,Two year,No,Electronic check,101.58,6704.28,No
3117-AY69,Male,0,No,No,55,Yes,Yes,No,No internet service,No internet service,No internet service,No internet service,No internet service,No internet service,Two year,Yes,Mailed check,47.1,2590.5,No
1318-BZ66,Male,0,No,No,70,Yes,No,Fiber optic,Yes,Yes,No,No,Yes,Yes,Two year,No,Bank transfer (automatic),114.8,8036.0,No
6057-DX30,Male,0,No,No,6,Yes,No,No,No internet service,No internet service,No internet service,No internet service,No internet service,No internet service,Month-to-month,No,Credit card (automatic),31.83,190.98,Yes
2791-BX95,Male,0,Yes,No,58,Yes,No,DSL,Yes,Yes,No,Yes,Yes,No,Month-to-month,Yes,Mailed check,96.44,5593.52,No
8516-EZ35,Male,0,Yes,Yes,68,Yes,Yes,No,No internet service,No internet service,No internet service,No internet service,No internet service,No internet service,Two year,Yes,Bank transfer (automatic),39.94,2715.92,No
3989-EX71,Female,0,No,Yes,58,Yes,Yes,No,No internet service,No internet service,No internet service,No internet service,No internet service,No internet service,One year,Yes,Electronic check,41.55,2409.9,No
2960-CY64,Female,0,No,No,5,Yes,No,DSL,Yes,No,Yes,No,Yes,No,Month-to-month,No,Mailed check,91.47,457.35,Yes
4074-DX60,Male,0,Yes,No,63,Yes,Yes,No,No internet service,No internet service,No internet service,No internet service,No internet service,No internet service,Month-to-month,No,Credit card (automatic),42.19,2657.97,No
8386-CW30,Female,1,Yes,No,43,Yes,Yes,DSL,Yes,No,Yes,No,Yes,No,Two year,Yes,Electronic check,105.56,4539.08,No
7375-CY49,Female,0,No,Yes,5,Yes,Yes,DSL,No,No,No,Yes,Yes,No,Two year,No,Electronic check,95.38,476.9,Yes
4278-CZ42,Female,0,No,No,8,Yes,No,DSL,Yes,Yes,Yes,Yes,No,No,One year,Yes,Electronic check,89.05,712.4,Yes
2719-AX53,Female,1,Yes,No,52,Yes,Yes,No,No internet service,No internet service,No internet service,No internet service,No internet service,No internet service,One year,No,Mailed check,47.25,2457.0,No
3297-DY23,Male,1,Yes,No,55,Yes,No,No,No internet service,No internet service,No internet service,No internet service,No internet service,No internet service,Month-to-month,No,Bank transfer (automatic),28.57,1571.35,No
2961-DZ26,Female,0,Yes,Yes,42,No,No phone service,DSL,No,Yes,No,No,No,No,One year,No,Electronic check,58.45,2454.9,No
8257-AX56,Female,0,Yes,Yes,50,Yes,No,Fiber optic,No,Yes,Yes,Yes,No,No,One year,Yes,Electronic check,98.37,4918.5,No
2688-AZ69,Male,0,Yes,No,49,Yes,No,Fiber optic,No,No,No,No,No,Yes,Month-to-month,Yes,Credit card (automatic),78.89,3865.61,Yes
4242-DZ72,Male,0,Yes,No,7,Yes,Yes,No,No internet service,No internet service,No internet service,No internet service,No internet service,No internet service,Two year,No,Mailed check,47.02,329.14,No
6839-AY61,Female,0,No,Yes,61,Yes,Yes,DSL,No,Yes,No,No,Yes,No,Two year,Yes,Mailed check,97.3,5935.3,No
6129-CX39,Female,0,Yes,Yes,1,Yes,No,Fiber optic,Yes,Yes,No,No,Yes,No,Month-to-month,Yes,Credit card (automatic),101.52,101.52,Yes
9448-CX13,Female,0,No,No,6,Yes,No,Fiber optic,No,No,No,Yes,No,No,Two year,Yes,Electronic check,84.93,509.58,Yes
6334-BW38,Female,1,No,No,6,Yes,No,DSL,No,No,Yes,No,No,No,One year,Yes,Credit card (automatic),65.38,392.28,No
2176-BW40,Female,1,Yes,No,8,Yes,No,Fiber optic,Yes,No,No,No,Yes,Yes,One year,No,Credit card (automatic),104.45,835.6,Yes
2724-EW88,Female,0,No,No,49,Yes,No,Fiber optic,Yes,No,No,No,No,No,Two year,Yes,Electronic check,83.72,4102.28,No
2350-DW29,Male,0,Yes,No,33,Yes,No,DSL,Yes,Yes,No,No,No,Yes,Month-to-month,Yes,Mailed check,85.91,2835.03,No
1977-DX70,Female,0,No,Yes,1,Yes,Yes,No,No internet service,No internet service,No internet service,No internet service,No internet service,No internet service,Two year,Yes,Mailed check,44.61,44.61,No
3533-EW39,Female,0,Yes,No,39,Yes,Yes,DSL,No,Yes,No,No,No,Yes,Month-to-month,No,Credit card (automatic),92.18,3595.02,Yes
5125-EZ93,Male,0,No,No,32,Yes,No,No,No internet service,No internet service,No internet service,No internet service,No internet service,No internet service,Two year,No,Electronic check,26.15,836.8,No
4388-AW89,Male,0,No,No,50,Yes,Yes,DSL,No,Yes,Yes,No,Yes,No,Month-to-month,Yes,Credit card (automatic),103.62,5181.0,No
3743-CZ95,Male,0,Yes,No,65,Yes,No,DSL,No,No,No,Yes,No,No,Month-to-month,Yes,Credit card (automatic),68.65,4462.25,Yes
2026-AW55,Male,0,Yes,Yes,8,No,No phone service,DSL,No,No,No,Yes,Yes,Yes,Month-to-month,Yes,Credit card (automatic),82.06,656.48,No
9797-DY19,Female,0,No,Yes,68,Yes,Yes,No,No internet service,No internet service,No internet service,No internet service,No internet service,No internet service,Month-to-month,Yes,Credit card (automatic),44.13,3000.84,No
6650-BW11,Female,0,No,No,52,Yes,No,Fiber optic,No,No,No,No,No,Yes,Month-to-month,No,Bank transfer (automatic),84.89,4414.28,No
1436-AX77,Female,0,Yes,Yes,2,Yes,No,DSL,Yes,No,Yes,No,Yes,Yes,Month-to-month,Yes,Credit card (automatic),96.76,193.52,No
6674-BX69,Female,0,No,Yes,7,Yes,No,DSL,No,Yes,No,No,No,No,Two year,Yes,Electronic check,64.64,452.48,No
2145-DW25,Female,1,Yes,No,45,Yes,No,Fiber optic,No,No,Yes,Yes,Yes,No,Two year,Yes,Bank transfer (automatic),101.19,4553.55,No
7499-CW15,Female,0,No,No,8,Yes,Yes,Fiber optic,No,Yes,No,Yes,Yes,No,Two year,No,Bank transfer (automatic),121.06,968.48,Yes
9299-AX33,Male,0,Yes,No,7,Yes,Yes,No,No internet service,No internet service,No internet service,No internet service,No internet service,No internet service,Two year,No,Mailed check,45.69,319.83,No
5945-EW36,Female,0,No,No,5,No,No phone service,DSL,Yes,No,No,No,Yes,No,Two year,No,Electronic check,71.08,355.4,No
1805-AX82,Male,0,Yes,No,4,Yes,Yes,Fiber optic,No,Yes,No,Yes,Yes,Yes,Month-to-month,Yes,Bank transfer (automatic),126.23,504.92,No
4600-BX57,Male,0,Yes,No,9,Yes,No,Fiber optic,No,Yes,Yes,Yes,Yes,No,Two year,Yes,Electronic check,111.56,1004.04,Yes
5010-DY77,Female,0,Yes,No,50,No,No phone service,No,No internet service,No internet service,No internet service,No internet service,No internet service,No internet service,Two year,No,Mailed check,21.01,1050.5,No
4320-BW87,Male,0,Yes,No,67,Yes,No,Fiber optic,Yes,No,No,No,Yes,Yes,Month-to-month,Yes,Mailed check,111.76,7487.92,No
3456-AW37,Female,0,No,No,11,Yes,No,DSL,No,No,Yes,No,Yes,Yes,One year,No,Credit card (automatic),91.94,1011.34,No
7349-DY22,Male,1,Yes,No,70,Yes,Yes,DSL,Yes,Yes,No,Yes,No,No,Month-to-month,Yes,Electronic check,97.82,6847.4,No
5990-AY13,Female,0,No,No,30,Yes,No,Fiber optic,No,No,No,Yes,No,Yes,Two year,Yes,Credit card (automatic),92.7,2781.0,No
8037-DZ14,Male,0,Yes,No,65,Yes,Yes,Fiber optic,No,No,No,No,Yes,No,One year,Yes,Electronic check,102.18,6641.7,No
9641-DX82,Female,1,Yes,No,10,Yes,No,No,No internet service,No internet service,No internet service,No internet service,No internet service,No internet service,Two year,No,Mailed check,29.42,294.2,No
1301-AZ75,Female,0,Yes,Yes,9,Yes,No,Fiber optic,No,Yes,No,No,No,No,Month-to-month,Yes,Mailed check,86.37,777.33,Yes
1229-BY60,Female,1,Yes,No,27,Yes,No,Fiber optic,Yes,No,Yes,Yes,No,Yes,Month-to-month,No,Bank transfer (automatic),113.71,3070.17,No
2832-CY82,Female,0,Yes,Yes,10,Yes,No,Fiber optic,No,Yes,No,No,Yes,Yes,Two year,No,Credit card (automatic),104.01,1040.1,Yes
5482-AW80,Female,0,Yes,No,68,Yes,No,Fiber optic,No,No,Yes,No,Yes,No,Month-to-month,No,Bank transfer (automatic),94.93,6455.24,No
3088-AW59,Male,0,No,No,63,Yes,No,DSL,Yes,Yes,Yes,No,Yes,Yes,Month-to-month,Yes,Bank transfer (automatic),115.34,7266.42,No
4340-EY50,Male,0,Yes,No,6,Yes,Yes,DSL,No,Yes,No,No,Yes,No,One year,Yes,Mailed check,90.6,543.6,Yes
7856-EW64,Male,0,No,No,9,Yes,No,Fiber optic,No,No,No,No,Yes,No,Two year,No,Bank transfer (automatic),86.44,777.96,No
9735-CZ45,Female,0,No,No,59,Yes,Yes,DSL,No,No,Yes,No,No,Yes,Month-to-month,Yes,Mailed check,97.26,5738.34,Yes
1092-DX59,Male,0,Yes,No,40,Yes,Yes,DSL,Yes,No,Yes,No,Yes,Yes,Month-to-month,Yes,Electronic check,114.29,4571.6,Yes
4032-CX95,Female,0,Yes,No,62,Yes,Yes,DSL,Yes,Yes,Yes,No,No,Yes,Month-to-month,Yes,Credit card (automatic),110.03,6821.86,No
5438-CZ44,Female,0,No,No,1,Yes,No,DSL,No,No,No,No,Yes,No,Month-to-month,Yes,Credit card (automatic),70.59,70.59,Yes
6997-EW24,Male,1,No,Yes,55,Yes,Yes,DSL,No,Yes,No,Yes,Yes,Yes,Month-to-month,Yes,Electronic check,111.81,6149.55,No
5627-DY94,Male,1,No,Yes,1,No,No phone service,Fiber optic,No,Yes,No,No,Yes,No,Two year,No,Credit card (automatic),84.49,84.49,No
2344-DY92,Female,1,Yes,Yes,30,Yes,No,Fiber optic,No,No,No,No,Yes,Yes,One year,No,Bank transfer (automatic),102.08,3062.4,No
4807-AX25,Male,0,No,No,44,Yes,Yes,Fiber optic,No,No,No,Yes,Yes,No,Two year,Yes,Mailed check,106.18,4671.92,No
4345-EZ59,Female,0,No,No,28,Yes,Yes,Fiber optic,Yes,Yes,Yes,Yes,No,No,Month-to-month,No,Electronic check,122.8,3438.4,Yes
1091-BX61,Female,0,No,No,49,Yes,No,No,No internet service,No internet service,No internet service,No internet service,No internet service,No internet service,One year,Yes,Credit card (automatic),33.24,1628.76,No
2884-AY59,Female,0,No,Yes,7,Yes,Yes,DSL,Yes,Yes,No,Yes,No,No,Two year,Yes,Bank transfer (automatic),98.94,692.58,No
8642-DW12,Female,0,Yes,Yes,7,Yes,No,Fiber optic,No,No,Yes,No,Yes,Yes,One year,No,Mailed check,105.74,740.18,Yes
2981-EW10,Female,0,Yes,No,65,Yes,No,DSL,Yes,No,Yes,Yes,No,No,Month-to-month,Yes,Bank transfer (automatic),86.02,5591.3,No
5466-DX86,Male,0,No,Yes,70,Yes,No,Fiber optic,Yes,No,Yes,No,Yes,No,Two year,No,Bank transfer (automatic),100.3,7021.0,No
9413-DX65,Male,0,No,No,69,Yes,No,No,No internet service,No internet service,No internet service,No internet service,No internet service,No internet service,Month-to-month,Yes,Mailed check,31.27,2157.63,No
2598-EY16,Female,0,Yes,No,58,Yes,Yes,Fiber optic,Yes,No,Yes,Yes,Yes,Yes,Two year,No,Bank transfer (automatic),137.5,7975.0,No
9333-EX27,Female,0,Yes,No,19,Yes,Yes,Fiber optic,No,No,Yes,No,Yes,No,Month-to-month,Yes,Mailed check,110.19,2093.61,Yes
5406-CZ97,Male,0,Yes,Yes,55,Yes,Yes,Fiber optic,Yes,No,Yes,No,Yes,No,One year,Yes,Bank transfer (automatic),123.03,6766.65,No
4706-DX34,Male,1,Yes,Yes,1,Yes,No,Fiber optic,No,Yes,No,No,No,No,Two year,Yes,Credit card (automatic),86.47,86.47,Yes
5856-BZ79,Female,0,No,Yes,69,Yes,Yes,DSL,No,No,No,No,No,No,Month-to-month,Yes,Credit card (automatic),79.44,5481.36,No
2538-EZ11,Male,0,No,No,9,Yes,Yes,Fiber optic,No,No,Yes,No,No,Yes,Month-to-month,Yes,Bank transfer (automatic),107.55,967.95,Yes
8699-CY27,Female,0,Yes,No,1,Yes,Yes,Fiber optic,Yes,Yes,No,Yes,No,No,Month-to-month,No,Credit card (automatic),110.93,110.93,Yes
2717-CY45,Male,0,Yes,Yes,68,Yes,No,Fiber optic,No,Yes,No,No,Yes,Yes,Month-to-month,Yes,Credit card (automatic),108.4,7371.2,No
3635-EZ45,Female,0,Yes,No,6,Yes,Yes,DSL,No,No,No,Yes,Yes,Yes,Month-to-month,No,Electronic check,107.97,647.82,Yes
6628-DZ75,Male,0,Yes,No,48,Yes,No,No,No internet service,No internet service,No internet service,No internet service,No internet service,No internet service,One year,Yes,Credit card (automatic),24.07,1155.36,No
2835-EX38,Female,0,No,Yes,8,Yes,Yes,DSL,No,No,Yes,No,No,No,Month-to-month,Yes,Electronic check,84.01,672.08,Yes
6851-EZ87,Male,0,No,No,1,Yes,Yes,DSL,Yes,No,No,Yes,Yes,Yes,Month-to-month,No,Electronic check,121.14,121.14,No
7830-CX19,Male,0,No,No,11,Yes,Yes,Fiber optic,Yes,No,Yes,No,No,Yes,Month-to-month,No,Bank transfer (automatic),123.69,1360.59,Yes
1503-DX30,Female,0,Yes,Yes,36,Yes,No,DSL,No,No,No,No,Yes,No,Month-to-month,Yes,Mailed check,69.9,2516.4,No
3147-BW39,Male,1,No,No,54,Yes,No,Fiber optic,No,No,No,Yes,No,Yes,One year,No,Mailed check,97.13,5245.02,No
4716-BZ20,Female,0,No,No,12,Yes,Yes,Fiber optic,No,Yes,No,Yes,No,No,One year,Yes,Credit card (automatic),103.33,1239.96,Yes
2210-DZ50,Male,0,No,No,4,Yes,Yes,Fiber optic,No,Yes,No,Yes,Yes,Yes,Two year,Yes,Electronic check,129.71,518.84,No
3843-CZ72,Female,1,Yes,No,50,Yes,No,DSL,Yes,No,Yes,No,Yes,Yes,Month-to-month,Yes,Credit card (automatic),97.54,4877.0,No
7644-CW41,Male,0,Yes,No,58,Yes,Yes,Fiber optic,No,Yes,Yes,No,Yes,No,Month-to-month,No,Mailed check,114.49,6640.42,No
4860-AY27,Female,0,Yes,No,54,Yes,Yes,No,No internet service,No internet service,No internet service,No internet service,No internet service,No internet service,Month-to-month,No,Credit card (automatic),47.65,2573.1,No
6999-AX84,Male,0,Yes,No,11,Yes,Yes,Fiber optic,No,Yes,No,No,Yes,No,Month-to-month,Yes,Mailed check,110.86,1219.46,Yes
2596-BZ21,Female,0,Yes,No,23,Yes,Yes,DSL,Yes,Yes,Yes,No,Yes,No,One year,No,Bank transfer (automatic),112.33,2583.59,No
1434-DX50,Male,1,Yes,No,11,Yes,Yes,No,No internet service,No internet service,No internet service,No internet service,No internet service,No internet service,Two year,No,Mailed check,46.9,515.9,No
7037-AX88,Female,0,No,Yes,63,Yes,Yes,DSL,No,Yes,No,Yes,Yes,Yes,Month-to-month,Yes,Bank transfer (automatic),115.59,7282.17,No
8164-EZ37,Female,1,No,No,49,Yes,Yes,Fiber optic,Yes,Yes,Yes,Yes,Yes,No,Month-to-month,No,Electronic check,130.89,6413.61,No
7463-EZ79,Female,0,Yes,No,51,Yes,No,DSL,Yes,Yes,No,No,Yes,Yes,One year,Yes,Mailed check,100.63,5132.13,No
9996-AW32,Male,0,Yes,No,49,Yes,Yes,DSL,No,Yes,No,No,No,Yes,One year,Yes,Electronic check,94.35,4623.15,No
4771-AY66,Female,0,No,No,62,Yes,No,DSL,No,No,No,No,No,No,Month-to-month,No,Bank transfer (automatic),59.43,3684.66,No
9103-AZ62,Male,0,No,Yes,1,Yes,Yes,Fiber optic,No,No,Yes,No,Yes,No,One year,Yes,Credit card (automatic),107.17,107.17,No
4924-CZ95,Female,0,No,No,56,Yes,No,Fiber optic,Yes,No,No,Yes,No,No,Two year,Yes,Electronic check,86.48,4842.88,No
5881-BY38,Male,1,No,Yes,11,Yes,Yes,DSL,No,No,No,Yes,No,No,Month-to-month,Yes,Bank transfer (automatic),81.3,894.3,Yes
8987-CX55,Female,0,No,No,60,Yes,No,No,No internet service,No internet service,No internet service,No internet service,No internet service,No internet service,Month-to-month,No,Bank transfer (automatic),31.64,1898.4,No
8936-AX91,Male,1,No,No,58,Yes,Yes,Fiber optic,No,No,No,No,No,No,Month-to-month,Yes,Electronic check,89.79,5207.82,No
3383-CZ78,Male,0,Yes,No,11,Yes,No,No,No internet service,No internet service,No internet service,No internet service,No internet service,No internet service,One year,Yes,Electronic check,35.35,388.85,No
4269-AX89,Female,1,Yes,No,3,Yes,Yes,No,No internet service,No internet service,No internet service,No internet service,No internet service,No internet service,Month-to-month,No,Electronic check,44.8,134.4,Yes
7964-CZ41,Male,0,Yes,No,50,Yes,Yes,Fiber optic,Yes,Yes,No,No,Yes,Yes,Two year,Yes,Electronic check,130.58,6529.0,Yes
8658-DY81,Male,0,Yes,No,33,Yes,No,No,No internet service,No internet service,No internet service,No internet service,No internet service,No internet service,One year,No,Electronic check,30.05,991.65,No
8313-EZ19,Female,1,Yes,No,1,Yes,No,Fiber optic,No,Yes,Yes,No,No,Yes,Month-to-month,Yes,Mailed check,99.81,99.81,Yes
3158-EW64,Male,0,No,No,64,Yes,Yes,No,No internet service,No internet service,No internet service,No internet service,No internet service,No internet service,Month-to-month,Yes,Mailed check,44.94,2876.16,No
8811-BZ27,Male,0,No,No,38,Yes,No,DSL,Yes,Yes,No,No,No,Yes,One year,Yes,Credit card (automatic),84.79,3222.02,No
5563-AZ72,Male,0,No,Yes,7,No,No phone service,Fiber optic,No,No,Yes,No,Yes,Yes,Month-to-month,Yes,Credit card (automatic),96.79,677.53,Yes
5044-CY76,Female,0,Yes,Yes,65,Yes,Yes,Fiber optic,Yes,No,Yes,Yes,Yes,Yes,Two year,No,Credit card (automatic),132.72,8626.8,No
4170-BW80,Male,1,No,No,30,Yes,Yes,Fiber optic,No,Yes,Yes,No,No,Yes,Month-to-month,Yes,Mailed check,117.79,3533.7,Yes
1757-BY72,Female,0,No,No,40,Yes,No,No,No internet service,No internet service,No internet service,No internet service,No internet service,No internet service,Month-to-month,No,Electronic check,30.44,1217.6,No
9897-BY55,Male,0,Yes,No,23,Yes,Yes,No,No internet service,No internet service,No internet service,No internet service,No internet service,No internet service,One year,Yes,Mailed check,45.66,1050.18,No
5494-BZ25,Male,0,No,Yes,9,Yes,No,DSL,Yes,No,Yes,Yes,No,No,Month-to-month,No,Electronic check,79.7,717.3,Yes
3442-DX32,Male,0,Yes,No,9,Yes,Yes,No,No internet service,No internet service,No internet service,No internet service,No internet service,No internet service,One year,No,Bank transfer (automatic),46.44,417.96,No
2072-DX51,Female,0,Yes,No,53,Yes,No,DSL,No,Yes,No,Yes,No,Yes,Month-to-month,Yes,Credit card (automatic),89.98,4768.94,No
4942-DZ10,Male,0,No,Yes,50,Yes,No,DSL,No,No,No,No,Yes,No,One year,Yes,Electronic check,69.13,3456.5,Yes
9710-EZ57,Male,0,Yes,No,8,Yes,No,Fiber optic,No,No,No,Yes,Yes,No,Month-to-month,No,Mailed check,97.96,783.68,Yes
1973-CY75,Female,0,Yes,No,29,No,No phone service,DSL,No,Yes,Yes,No,No,No,Month-to-month,No,Bank transfer (automatic),66.57,1930.53,No
4102-AW72,Male,0,No,No,9,Yes,No,Fiber optic,Yes,No,Yes,Yes,Yes,No,One year,Yes,Credit card (automatic),110.82,997.38,No
6133-BX97,Female,0,No,No,10,Yes,Yes,Fiber optic,No,No,Yes,No,No,No,Month-to-month,Yes,Electronic check,99.7,997.0,Yes
4319-BZ73,Female,0,Yes,No,11,Yes,No,DSL,No,Yes,No,No,No,No,Month-to-month,Yes,Electronic check,72.86,801.46,Yes
1387-BZ79,Male,0,Yes,Yes,9,Yes,Yes,No,No internet service,No internet service,No internet service,No internet service,No internet service,No internet service,Month-to-month,No,Credit card (automatic),44.58,401.22,Yes
3489-DX14,Female,0,Yes,No,67,Yes,No,Fiber optic,Yes,No,No,Yes,No,Yes,Month-to-month,No,Electronic check,101.52,6801.84,No
3890-EY92,Male,0,No,No,40,Yes,No,DSL,No,No,No,Yes,Yes,Yes,Two year,No,Bank transfer (automatic),98.24,3929.6,No
9947-CY36,Female,0,Yes,No,19,Yes,No,DSL,Yes,Yes,Yes,Yes,No,No,Month-to-month,Yes,Credit card (automatic),91.48,1738.12,Yes
9577-BZ93,Female,0,Yes,No,45,No,No phone service,No,No internet service,No internet service,No internet service,No internet service,No internet service,No internet service,One year,Yes,Credit card (automatic),21.1,949.5,No
6078-EY58,Male,0,No,No,69,Yes,No,No,No internet service,No internet service,No internet service,No internet service,No internet service,No internet service,Month-to-month,Yes,Electronic check,29.48,2034.12,No
1768-CW44,Female,0,No,No,34,Yes,Yes,DSL,No,No,Yes,No,No,Yes,Month-to-month,Yes,Mailed check,90.18,3066.12,No
6557-EW13,Female,0,Yes,Yes,36,No,No phone service,DSL,Yes,Yes,No,No,No,Yes,Two year,Yes,Electronic check,77.08,2774.88,No
2389-DZ31,Female,0,No,No,31,Yes,No,No,No internet service,No internet service,No internet service,No internet service,No internet service,No internet service,Month-to-month,Yes,Mailed check,33.33,1033.23,No
3990-CX15,Female,0,No,No,1,Yes,Yes,Fiber optic,Yes,No,No,No,No,Yes,Two year,No,Bank transfer (automatic),107.57,107.57,No
7253-BW63,Female,0,Yes,No,65,Yes,No,DSL,No,No,No,Yes,Yes,No,Month-to-month,Yes,Credit card (automatic),83.95,5456.75,No
5667-CX58,Male,1,Yes,No,64,Yes,Yes,Fiber optic,Yes,No,No,Yes,No,Yes,Month-to-month,Yes,Mailed check,120.29,7698.56,Yes
7988-DY74,Female,0,No,Yes,57,No,No phone service,Fiber optic,No,No,No,Yes,No,No,One year,No,Mailed check,69.99,3989.43,No
2992-CZ45,Male,0,Yes,No,56,Yes,No,Fiber optic,Yes,Yes,Yes,No,No,No,Month-to-month,No,Mailed check,95.39,5341.84,No
7893-AX56,Female,0,No,No,52,Yes,Yes,DSL,No,No,Yes,Yes,Yes,No,Two year,Yes,Electronic check,99.3,5163.6,No
3674-EY65,Male,0,Yes,No,59,Yes,No,Fiber optic,No,No,Yes,No,No,Yes,Month-to-month,No,Electronic check,93.77,5532.43,No
2552-CW46,Male,0,Yes,No,3,Yes,Yes,DSL,No,Yes,No,No,No,Yes,Two year,Yes,Electronic check,91.73,275.19,Yes
9572-CW47,Female,1,Yes,No,66,Yes,No,No,No internet service,No internet service,No internet service,No internet service,No internet service,No internet service,Month-to-month,Yes,Credit card (automatic),33.66,2221.56,No
7394-EW62,Female,0,Yes,Yes,29,Yes,Yes,Fiber optic,Yes,Yes,No,No,Yes,No,One year,No,Mailed check,114.45,3319.05,No
1471-AW79,Female,0,Yes,No,64,No,No phone service,Fiber optic,No,Yes,No,No,Yes,Yes,Two year,No,Electronic check,94.32,6036.48,No
8695-EZ20,Male,0,Yes,Yes,10,Yes,No,Fiber optic,No,Yes,No,No,Yes,Yes,Month-to-month,No,Mailed check,111.56,1115.6,No
3134-BZ28,Female,0,No,No,47,Yes,Yes,Fiber optic,No,No,No,Yes,No,Yes,Month-to-month,No,Electronic check,109.21,5132.87,No
2383-EX56,Male,0,No,Yes,70,Yes,No,No,No internet service,No internet service,No internet service,No internet service,No internet service,No internet service,Two year,Yes,Electronic check,31.26,2188.2,No
2968-EX42,Male,0,No,Yes,10,Yes,Yes,DSL,No,No,Yes,No,Yes,Yes,Month-to-month,Yes,Credit card (automatic),108.39,1083.9,Yes
3472-EX28,Male,0,No,No,44,Yes,No,No,No internet service,No internet service,No internet service,No internet service,No internet service,No internet service,One year,Yes,Credit card (automatic),25.64,1128.16,No
4110-BX53,Female,0,Yes,No,56,Yes,Yes,DSL,Yes,No,Yes,No,No,No,Two year,Yes,Electronic check,93.41,5230.96,No
4774-CW43,Female,0,No,No,4,Yes,No,DSL,No,No,Yes,Yes,No,Yes,One year,Yes,Bank transfer (automatic),89.84,359.36,Yes
6744-AW29,Male,0,Yes,No,70,Yes,Yes,Fiber optic,No,Yes,No,No,Yes,Yes,Month-to-month,Yes,Mailed check,123.96,8677.2,No
4942-DZ83,Male,0,No,No,5,Yes,Yes,No,No internet service,No internet service,No internet service,No internet service,No internet service,No internet service,Month-to-month,No,Mailed check,42.96,214.8,No
6706-BY23,Female,0,No,No,1,Yes,No,No,No internet service,No internet service,No internet service,No internet service,No internet service,No internet service,Month-to-month,No,Bank transfer (automatic),30.86,30.86,Yes
2750-CX69,Male,0,No,No,60,Yes,Yes,Fiber optic,No,No,No,No,Yes,Yes,Month-to-month,No,Electronic check,113.48,6808.8,Yes
3540-CX98,Female,0,No,Yes,22,Yes,Yes,Fiber optic,Yes,No,No,Yes,No,Yes,Month-to-month,Yes,Electronic check,118.28,2602.16,Yes
6534-EZ56,Male,0,No,No,49,Yes,No,No,No internet service,No internet service,No internet service,No internet service,No internet service,No internet service,Two year,No,Electronic check,27.67,1355.83,No
6651-AZ80,Female,0,Yes,No,52,Yes,No,DSL,No,No,No,No,No,No,Month-to-month,No,Electronic check,59.43,3090.36,Yes
5996-AZ20,Male,0,Yes,No,30,Yes,No,No,No internet service,No internet service,No internet service,No internet service,No internet service,No internet service,Two year,No,Electronic check,32.93,987.9,No
5882-DY38,Female,0,No,Yes,8,Yes,Yes,Fiber optic,No,No,No,No,No,Yes,Two year,Yes,Electronic check,96.22,769.76,No
5113-EX70,Male,0,Yes,Yes,58,Yes,Yes,Fiber optic,No,No,No,No,No,Yes,Two year,Yes,Mailed check,100.9,5852.2,No
5851-EZ98,Female,0,No,Yes,18,Yes,No,DSL,No,No,Yes,No,Yes,Yes,Month-to-month,No,Bank transfer (automatic),93.92,1690.56,No
6445-DW24,Female,0,No,No,58,Yes,Yes,Fiber optic,Yes,No,Yes,No,Yes,Yes,One year,No,Electronic check,126.74,7350.92,No
2573-AZ31,Male,0,Yes,No,66,Yes,No,DSL,No,Yes,No,Yes,Yes,No,Month-to-month,Yes,Electronic check,89.2,5887.2,No
2256-DY75,Male,0,No,Yes,72,Yes,Yes,DSL,No,No,No,Yes,Yes,Yes,Month-to-month,Yes,Electronic check,108.41,7805.52,No
2049-AZ67,Female,1,No,No,18,Yes,No,DSL,No,No,Yes,Yes,Yes,No,One year,No,Credit card (automatic),87.54,1575.72,No
1029-CX98,Male,0,No,No,48,No,No phone service,Fiber optic,No,Yes,No,Yes,No,No,Two year,Yes,Electronic check,81.9,3931.2,No
4198-BZ94,Female,0,No,No,39,Yes,No,Fiber optic,No,No,No,Yes,No,Yes,Month-to-month,No,Credit card (automatic),99.89,3895.71,No
5493-BZ11,Male,0,No,No,52,Yes,No,No,No internet service,No internet service,No internet service,No internet service,No internet service,No internet service,Month-to-month,Yes,Mailed check,27.98,1454.96,No
7645-BW95,Female,1,No,Yes,29,Yes,Yes,DSL,No,Yes,Yes,No,No,Yes,Month-to-month,Yes,Credit card (automatic),98.84,2866.36,No
6859-DY75,Female,0,No,No,11,No,No phone service,Fiber optic,No,Yes,Yes,No,Yes,Yes,Two year,Yes,Mailed check,103.73,1141.03,No
9503-DX52,Female,0,Yes,No,47,Yes,No,Fiber optic,No,Yes,No,No,No,Yes,Two year,Yes,Electronic check,92.02,4324.94,No
8496-DZ17,Female,0,Yes,No,33,Yes,Yes,Fiber optic,Yes,No,No,No,Yes,No,Month-to-month,Yes,Mailed check,111.16,3668.28,Yes
8684-EY30,Female,0,No,No,69,Yes,No,No,No internet service,No internet service,No internet service,No internet service,No internet service,No internet service,Month-to-month,Yes,Bank transfer (automatic),28.63,1975.47,No
6043-EZ71,Female,0,Yes,Yes,4,Yes,No,Fiber optic,Yes,No,No,Yes,No,Yes,Two year,Yes,Bank transfer (automatic),104.84,419.36,No
9397-EY60,Male,1,No,No,36,No,No phone service,No,No internet service,No internet service,No internet service,No internet service,No internet service,No internet service,Month-to-month,Yes,Mailed check,20.87,751.32,No
8811-CX54,Male,0,No,Yes,48,Yes,Yes,Fiber optic,No,No,Yes,No,Yes,No,One year,Yes,Electronic check,107.94,5181.12,No
1207-EZ14,Male,0,Yes,No,4,Yes,Yes,Fiber optic,Yes,No,Yes,No,No,Yes,Month-to-month,Yes,Bank transfer (automatic),115.23,460.92,Yes
5986-BY29,Female,0,No,No,61,No,No phone service,Fiber optic,Yes,No,No,No,Yes,No,Month-to-month,No,Credit card (automatic),80.82,4930.02,No
3294-BZ39,Female,0,No,Yes,39,Yes,No,No,No internet service,No internet service,No internet service,No internet service,No internet service,No internet service,Month-to-month,Yes,Credit card (automatic),33.15,1292.85,No
8945-BY62,Female,0,No,No,66,Yes,Yes,No,No internet service,No internet service,No internet service,No internet service,No internet service,No internet service,One year,Yes,Bank transfer (automatic),46.57,3073.62,No
4367-EW90,Female,0,Yes,Yes,57,No,No phone service,Fiber optic,Yes,No,No,No,Yes,No,Month-to-month,Yes,Electronic check,83.77,4774.89,No
1165-BW53,Male,0,Yes,No,60,Yes,No,No,No internet service,No internet service,No internet service,No internet service,No internet service,No internet service,Month-to-month,No,Electronic check,31.82,1909.2,No
1350-EY39,Male,0,Yes,No,10,Yes,Yes,DSL,No,No,Yes,No,No,Yes,Month-to-month,Yes,Credit card (automatic),91.69,916.9,Yes
1931-AX20,Female,0,No,No,9,No,No phone service,No,No internet service,No internet service,No internet service,No internet service,No internet service,No internet service,One year,Yes,Credit card (automatic),18.0,162.0,Yes
9058-BW88,Male,0,Yes,No,62,Yes,Yes,DSL,No,Yes,Yes,No,Yes,No,Two year,Yes,Credit card (automatic),100.08,6204.96,No
2116-DY89,Male,1,No,No,50,Yes,No,DSL,No,Yes,No,No,Yes,Yes,Two year,No,Mailed check,92.83,4641.5,No
8904-BX49,Female,0,Yes,No,11,Yes,No,DSL,No,No,No,No,Yes,No,Month-to-month,No,Credit card (automatic),70.19,772.09,No
3669-CZ33,Male,1,Yes,No,72,Yes,Yes,No,No internet service,No internet service,No internet service,No internet service,No internet service,No internet service,Two year,Yes,Credit card (automatic),40.64,2926.08,No
6630-AY48,Female,0,No,No,45,Yes,No,No,No internet service,No internet service,No internet service,No internet service,No internet service,No internet service,Month-to-month,Yes,Bank transfer (automatic),30.27,1362.15,No
2381-BW92,Male,0,No,Yes,11,Yes,No,No,No internet service,No internet service,No internet service,No internet service,No internet service,No internet service,Month-to-month,Yes,Credit card (automatic),31.72,348.92,No
7314-EX68,Female,0,Yes,No,59,Yes,No,No,No internet service,No internet service,No internet service,No internet service,No internet service,No internet service,Two year,Yes,Electronic check,29.59,1745.81,No
9567-AW33,Female,0,Yes,Yes,7,Yes,Yes,Fiber optic,No,Yes,Yes,No,No,No,Month-to-month,No,Bank transfer (automatic),109.42,765.94,Yes
1957-CY63,Female,0,Yes,No,9,Yes,Yes,No,No internet service,No internet service,No internet service,No internet service,No internet service,No internet service,Month-to-month,Yes,Credit card (automatic),47.41,426.69,Yes
7629-BX70,Female,0,No,Yes,6,Yes,No,No,No internet service,No internet service,No internet service,No internet service,No internet service,No internet service,Month-to-month,Yes,Electronic check,33.36,200.16,Yes
3396-DW51,Male,0,No,Yes,56,Yes,No,Fiber optic,No,Yes,No,No,Yes,No,One year,Yes,Bank transfer (automatic),97.35,5451.6,Yes
5921-AY20,Female,0,Yes,No,10,Yes,Yes,DSL,No,Yes,No,No,No,No,Month-to-month,No,Electronic check,83.71,837.1,Yes
3520-BW67,Female,1,Yes,No,8,Yes,No,Fiber optic,No,No,No,No,Yes,No,Month-to-month,No,Credit card (automatic),83.27,666.16,Yes
3294-AW33,Female,1,Yes,No,6,Yes,Yes,No,No internet service,No internet service,No internet service,No internet service,No internet service,No internet service,Two year,No,Bank transfer (automatic),43.96,263.76,Yes
3141-CY56,Male,0,No,Yes,61,Yes,Yes,No,No internet service,No internet service,No internet service,No internet service,No internet service,No internet service,Two year,Yes,Credit card (automatic),43.46,2651.06,No
5552-EX88,Female,0,No,No,6,Yes,No,No,No internet service,No internet service,No internet service,No internet service,No internet service,No internet service,Two year,Yes,Bank transfer (automatic),27.33,163.98,No
5755-AW65,Male,0,Yes,No,54,Yes,No,No,No internet service,No internet service,No internet service,No internet service,No internet service,No internet service,Month-to-month,Yes,Mailed check,28.28,1527.12,No
3615-AW31,Female,0,No,No,48,Yes,Yes,No,No internet service,No internet service,No internet service,No internet service,No internet service,No internet service,Month-to-month,Yes,Electronic check,40.61,1949.28,No
5172-EZ37,Male,0,Yes,Yes,71,Yes,No,Fiber optic,Yes,No,No,Yes,Yes,Yes,Month-to-month,Yes,Credit card (automatic),117.65,8353.15,No
6773-AW21,Male,0,Yes,No,7,Yes,No,Fiber optic,No,No,No,Yes,No,No,One year,Yes,Mailed check,79.82,558.74,Yes
9060-AX74,Female,0,No,Yes,10,Yes,No,DSL,No,No,Yes,No,Yes,Yes,One year,Yes,Bank transfer (automatic),94.44,944.4,No
6885-CZ29,Male,1,No,No,50,Yes,No,Fiber optic,No,No,Yes,No,No,Yes,Two year,No,Electronic check,98.98,4949.0,No
4169-BY33,Female,0,No,No,71,Yes,Yes,Fiber optic,No,No,No,Yes,No,No,Month-to-month,No,Credit card (automatic),95.7,6794.7,Yes
3250-CW25,Female,0,No,No,4,Yes,Yes,No,No internet service,No internet service,No internet service,No internet service,No internet service,No internet service,Month-to-month,Yes,Mailed check,43.34,173.36,Yes
2401-BX29,Female,0,Yes,No,18,Yes,Yes,Fiber optic,No,Yes,No,Yes,No,No,Month-to-month,Yes,Credit card (automatic),107.5,1935.0,Yes
6363-DY17,Male,0,No,No,2,Yes,No,DSL,Yes,Yes,No,No,Yes,No,Month-to-month,Yes,Bank transfer (automatic),86.69,173.38,Yes
5819-AX17,Male,0,Yes,No,8,Yes,No,DSL,No,No,No,No,No,Yes,Month-to-month,Yes,Electronic check,69.6,556.8,Yes
7589-CX31,Female,1,No,No,58,Yes,Yes,Fiber optic,Yes,Yes,No,No,Yes,No,Two year,Yes,Bank transfer (automatic),119.32,6920.56,No
5037-BZ17,Female,0,Yes,No,6,Yes,Yes,Fiber optic,No,No,No,Yes,Yes,No,One year,Yes,Credit card (automatic),107.78,646.68,No
1791-CW60,Male,1,No,No,5,Yes,Yes,DSL,No,Yes,No,No,No,Yes,Month-to-month,No,Credit card (automatic),101.41,507.05,Yes
7043-CZ78,Female,0,Yes,No,2,Yes,Yes,DSL,No,No,Yes,Yes,Yes,No,One year,Yes,Mailed check,104.69,209.38,No
7098-AW53,Female,0,Yes,No,3,Yes,No,Fiber optic,Yes,Yes,Yes,Yes,Yes,No,Month-to-month,Yes,Credit card (automatic),121.01,363.03,Yes
5782-EZ22,Female,0,No,No,4,Yes,No,DSL,No,No,Yes,Yes,Yes,Yes,Two year,No,Electronic check,99.73,398.92,Yes
2716-EW72,Male,0,Yes,No,51,Yes,Yes,DSL,Yes,Yes,No,Yes,No,Yes,One year,Yes,Mailed check,116.59,5946.09,No
8361-CZ87,Male,1,No,No,6,Yes,No,Fiber optic,No,No,Yes,Yes,No,No,Month-to-month,Yes,Bank transfer (automatic),88.77,532.62,Yes
9380-AY55,Male,1,Yes,Yes,1,Yes,No,Fiber optic,Yes,Yes,No,No,Yes,Yes,One year,Yes,Electronic check,117.28,117.28,Yes
3718-CX77,Female,0,Yes,No,1,Yes,No,Fiber optic,No,Yes,No,No,Yes,No,One year,No,Mailed check,90.99,90.99,Yes
8718-DY94,Female,0,Yes,No,58,Yes,Yes,DSL,No,No,Yes,Yes,Yes,Yes,Month-to-month,Yes,Bank transfer (automatic),121.88,7069.04,No
3881-BY11,Female,0,Yes,Yes,7,Yes,Yes,No,No internet service,No internet service,No internet service,No internet service,No internet service,No internet service,Month-to-month,Yes,Bank transfer (automatic),47.46,332.22,Yes
1643-EW47,Male,1,No,Yes,71,Yes,Yes,Fiber optic,No,No,Yes,Yes,Yes,No,Month-to-month,No,Electronic check,115.18,8177.78,No
3650-BW82,Female,0,Yes,No,12,Yes,No,DSL,No,No,No,No,Yes,Yes,Month-to-month,Yes,Bank transfer (automatic),85.58,1026.96,Yes
8086-BZ62,Female,0,No,No,3,Yes,No,DSL,No,Yes,Yes,No,Yes,No,Month-to-month,No,Bank transfer (automatic),91.19,273.57,Yes
3687-BW57,Female,0,No,No,5,Yes,No,DSL,No,Yes,Yes,No,Yes,Yes,One year,No,Mailed check,97.32,486.6,Yes
2416-CZ55,Female,0,Yes,Yes,57,Yes,Yes,DSL,No,No,Yes,Yes,No,Yes,Month-to-month,Yes,Credit card (automatic),101.62,5792.34,No
9192-AW41,Male,0,No,No,11,Yes,Yes,DSL,Yes,No,Yes,No,No,Yes,One year,No,Electronic check,100.02,1100.22,Yes
1211-EZ20,Male,0,No,Yes,10,No,No phone service,Fiber optic,Yes,No,No,Yes,Yes,No,Two year,No,Bank transfer (automatic),94.44,944.4,No
1303-CY70,Female,1,No,No,41,Yes,Yes,Fiber optic,Yes,No,Yes,Yes,No,Yes,One year,No,Bank transfer (automatic),126.55,5188.55,No
2781-BX20,Male,0,Yes,Yes,10,Yes,No,Fiber optic,Yes,Yes,No,No,No,No,One year,Yes,Bank transfer (automatic),91.09,910.9,Yes
7739-BW84,Male,0,Yes,Yes,71,Yes,Yes,Fiber optic,No,No,Yes,Yes,Yes,Yes,Two year,No,Mailed check,127.58,9058.18,No
5203-BZ12,Female,1,No,Yes,64,No,No phone service,DSL,Yes,Yes,No,No,Yes,Yes,One year,Yes,Mailed check,89.38,5720.32,No
2830-CY49,Female,0,No,No,67,Yes,Yes,No,No internet service,No internet service,No internet service,No internet service,No internet service,No internet service,Month-to-month,No,Mailed check,42.85,2870.95,No
1222-EX71,Male,1,No,Yes,6,Yes,No,DSL,Yes,Yes,Yes,No,Yes,Yes,Month-to-month,Yes,Bank transfer (automatic),109.45,656.7,Yes
3578-EY59,Female,0,Yes,No,56,Yes,No,Fiber optic,Yes,No,No,No,Yes,Yes,One year,Yes,Mailed check,103.84,5815.04,No
5054-BY64,Male,0,No,No,3,Yes,No,DSL,Yes,No,No,Yes,Yes,No,One year,Yes,Electronic check,85.6,256.8,Yes
7379-DW43,Female,1,Yes,No,51,Yes,Yes,No,No internet service,No internet service,No internet service,No internet service,No internet service,No internet service,Two year,Yes,Bank transfer (automatic),47.45,2419.95,No
9043-CY80,Male,0,No,No,65,Yes,No,Fiber optic,Yes,No,Yes,Yes,Yes,No,One year,Yes,Credit card (automatic),109.68,7129.2,No
3240-BZ98,Female,0,Yes,No,56,Yes,Yes,DSL,Yes,Yes,Yes,No,No,Yes,Two year,Yes,Electronic check,116.28,6511.68,No
9284-EW88,Male,0,No,Yes,7,Yes,No,Fiber optic,Yes,No,No,No,Yes,Yes,Month-to-month,Yes,Credit card (automatic),107.59,753.13,Yes
4470-DZ55,Male,0,Yes,No,66,Yes,Yes,DSL,No,No,No,Yes,No,No,One year,Yes,Electronic check,77.56,5118.96,No
6413-AZ93,Male,0,Yes,Yes,3,Yes,Yes,Fiber optic,No,Yes,No,No,No,No,Two year,Yes,Mailed check,94.03,282.09,No
8437-DY64,Female,0,No,Yes,37,Yes,No,Fiber optic,No,No,Yes,No,No,Yes,Month-to-month,Yes,Mailed check,93.23,3449.51,No
4628-EW62,Male,1,Yes,No,44,Yes,No,DSL,Yes,Yes,No,Yes,No,No,Month-to-month,No,Electronic check,86.23,3794.12,Yes
6352-CY15,Male,0,Yes,No,65,Yes,No,Fiber optic,No,Yes,No,No,Yes,No,Month-to-month,No,Credit card (automatic),96.92,6299.8,Yes
3091-CZ13,Female,0,Yes,No,10,Yes,Yes,DSL,No,Yes,No,Yes,Yes,No,Two year,Yes,Mailed check,101.55,1015.5,No
8742-DY67,Female,0,No,No,4,Yes,Yes,Fiber optic,Yes,No,No,No,Yes,Yes,Month-to-month,Yes,Electronic check,125.7,502.8,No
6557-AY47,Male,0,No,No,60,Yes,No,DSL,Yes,No,Yes,No,No,No,One year,No,Bank transfer (automatic),76.99,4619.4,No
9891-DW49,Male,0,Yes,Yes,11,Yes,No,Fiber optic,No,No,Yes,Yes,Yes,Yes,Month-to-month,Yes,Bank transfer (automatic),114.04,1254.44,No
4014-AW44,Female,1,No,Yes,30,Yes,No,No,No internet service,No internet service,No internet service,No internet service,No internet service,No internet service,Month-to-month,Yes,Credit card (automatic),33.52,1005.6,Yes
1977-CY25,Female,0,No,Yes,54,Yes,No,DSL,No,Yes,No,Yes,Yes,No,Two year,Yes,Mailed check,85.58,4621.32,No
2297-CX98,Female,0,Yes,Yes,68,Yes,No,No,No internet service,No internet service,No internet service,No internet service,No internet service,No internet service,Month-to-month,No,Electronic check,31.67,2153.56,No
5129-DW87,Female,0,No,No,50,Yes,No,Fiber optic,Yes,No,No,No,Yes,No,Month-to-month,Yes,Electronic check,96.97,4848.5,No
1448-EX55,Female,0,No,No,33,Yes,Yes,DSL,Yes,No,Yes,Yes,No,Yes,Month-to-month,No,Bank transfer (automatic),112.86,3724.38,No
5500-EX47,Male,0,No,Yes,71,Yes,Yes,Fiber optic,No,Yes,No,No,Yes,No,One year,Yes,Bank transfer (automatic),109.53,7776.63,No
5832-AZ96,Female,0,Yes,No,9,Yes,Yes,Fiber optic,No,No,Yes,No,Yes,Yes,Month-to-month,No,Credit card (automatic),124.61,1121.49,Yes
6020-CW18,Male,0,No,No,6,Yes,Yes,Fiber optic,Yes,No,No,Yes,No,No,Month-to-month,Yes,Bank transfer (automatic),111.52,669.12,Yes
1446-CW39,Male,0,No,Yes,64,Yes,No,DSL,No,No,Yes,Yes,Yes,No,Two year,Yes,Credit card (automatic),87.53,5601.92,No
4257-DY77,Male,0,Yes,Yes,52,Yes,No,DSL,No,Yes,Yes,No,No,No,Month-to-month,Yes,Credit card (automatic),76.2,3962.4,Yes
9694-AW43,Female,0,Yes,Yes,9,Yes,No,No,No internet service,No internet service,No internet service,No internet service,No internet service,No internet service,Month-to-month,No,Mailed check,32.78,295.02,No
7740-CX35,Male,0,Yes,Yes,51,Yes,Yes,Fiber optic,No,No,No,No,Yes,No,Month-to-month,Yes,Electronic check,101.2,5161.2,No
1661-BW22,Male,0,Yes,Yes,8,Yes,No,Fiber optic,No,Yes,Yes,No,No,No,Month-to-month,Yes,Electronic check,90.12,720.96,Yes
7879-EW65,Female,0,No,No,5,Yes,Yes,DSL,Yes,No,Yes,No,Yes,No,Month-to-month,No,Electronic check,99.52,497.6,No
8856-CY93,Male,0,Yes,Yes,69,Yes,No,No,No internet service,No internet service,No internet service,No internet service,No internet service,No internet service,One year,Yes,Mailed check,24.83,1713.27,No
4440-BZ88,Male,0,Yes,No,53,Yes,Yes,No,No internet service,No internet service,No internet service,No internet service,No internet service,No internet service,Two year,Yes,Electronic check,41.6,2204.8,No
8023-BY24,Female,0,No,No,65,Yes,No,DSL,No,No,No,No,Yes,No,Month-to-month,Yes,Electronic check,74.59,4848.35,No
5702-CX48,Male,0,Yes,No,12,Yes,Yes,DSL,No,No,Yes,No,Yes,Yes,One year,Yes,Electronic check,103.92,1247.04,Yes
8698-DX80,Male,1,No,No,51,Yes,Yes,No,No internet service,No internet service,No internet service,No internet service,No internet service,No internet service,Month-to-month,Yes,Electronic check,46.46,2369.46,No
4445-DW34,Male,0,Yes,Yes,4,Yes,No,No,No internet service,No internet service,No internet service,No internet service,No internet service,No internet service,One year,No,Mailed check,34.46,137.84,Yes
3478-CW58,Female,0,Yes,No,61,Yes,No,Fiber optic,No,No,Yes,No,Yes,No,Month-to-month,Yes,Electronic check,95.48,5824.28,No
3519-AW71,Female,1,Yes,No,57,Yes,No,No,No internet service,No internet service,No internet service,No internet service,No internet service,No internet service,Month-to-month,No,Mailed check,27.35,1558.95,No
6647-CX49,Female,0,Yes,Yes,1,Yes,No,Fiber optic,No,No,No,Yes,Yes,No,Month-to-month,Yes,Electronic check,94.6,94.6,Yes
9018-BY19,Male,0,Yes,Yes,5,Yes,No,DSL,Yes,No,No,Yes,No,Yes,Month-to-month,Yes,Credit card (automatic),89.14,445.7,Yes
9932-AX95,Male,0,No,No,42,No,No phone service,Fiber optic,Yes,No,No,No,Yes,Yes,Two year,Yes,Electronic check,98.15,4122.3,No
9551-EW87,Female,0,No,No,28,Yes,No,Fiber optic,Yes,Yes,No,No,Yes,No,One year,No,Credit card (automatic),103.35,2893.8,No
3631-CW73,Male,0,Yes,No,22,No,No phone service,No,No internet service,No internet service,No internet service,No internet service,No internet service,No internet service,Month-to-month,Yes,Bank transfer (automatic),21.9,481.8,No
6787-EX18,Male,1,No,No,64,Yes,No,DSL,No,Yes,Yes,No,No,Yes,Two year,No,Mailed check,91.0,5824.0,No
9549-BW84,Female,0,No,No,68,Yes,No,Fiber optic,No,Yes,No,No,No,No,Month-to-month,No,Mailed check,81.56,5546.08,Yes
5135-AZ79,Female,0,No,Yes,17,Yes,Yes,No,No internet service,No internet service,No internet service,No internet service,No internet service,No internet service,One year,Yes,Mailed check,49.21,836.57,No
5553-AX78,Male,0,Yes,No,1,Yes,No,DSL,Yes,Yes,Yes,No,No,Yes,Month-to-month,Yes,Electronic check,96.99,96.99,Yes
2874-EZ60,Male,1,Yes,Yes,49,No,No phone service,Fiber optic,No,No,No,Yes,Yes,Yes,Month-to-month,Yes,Bank transfer (automatic),90.32,4425.68,No
1937-CX84,Male,0,Yes,Yes,4,Yes,Yes,No,No internet service,No internet service,No internet service,No internet service,No internet service,No internet service,Month-to-month,No,Credit card (automatic),44.44,177.76,Yes
5125-CX15,Female,0,No,No,50,Yes,No,Fiber optic,No,No,No,No,No,Yes,Month-to-month,Yes,Credit card (automatic),86.48,4324.0,Yes
9162-AY81,Female,0,No,No,57,No,No phone service,Fiber optic,Yes,No,Yes,No,No,No,Month-to-month,No,Bank transfer (automatic),84.24,4801.68,No
9538-EW17,Female,0,Yes,No,69,Yes,Yes,No,No internet service,No internet service,No internet service,No internet service,No internet service,No internet service,One year,Yes,Mailed check,43.26,2984.94,No
3466-EW14,Female,1,Yes,No,2,Yes,Yes,DSL,Yes,Yes,Yes,No,Yes,Yes,One year,No,Mailed check,123.45,246.9,Yes
8076-AX87,Male,1,No,No,10,Yes,No,No,No internet service,No internet service,No internet service,No internet service,No internet service,No internet service,One year,Yes,Bank transfer (automatic),25.74,257.4,No
5837-DZ31,Female,0,No,Yes,1,Yes,Yes,Fiber optic,Yes,No,No,No,No,No,Two year,Yes,Credit card (automatic),95.51,95.51,No
3485-AW27,Female,1,No,Yes,60,Yes,Yes,Fiber optic,Yes,Yes,No,No,Yes,Yes,Two year,No,Mailed check,132.39,7943.4,No
2453-EW56,Female,0,No,Yes,8,Yes,No,Fiber optic,No,Yes,No,Yes,Yes,Yes,One year,No,Credit card (automatic),111.34,890.72,Yes
8546-AY68,Female,1,Yes,No,66,Yes,No,No,No internet service,No internet service,No internet service,No internet service,No internet service,No internet service,One year,Yes,Electronic check,32.9,2171.4,No
4949-EZ13,Female,0,No,No,11,Yes,No,DSL,No,No,Yes,No,Yes,Yes,Month-to-month,No,Mailed check,95.42,1049.62,Yes
3560-BY74,Male,0,No,No,31,Yes,Yes,DSL,No,Yes,No,No,No,No,Two year,No,Credit card (automatic),86.72,2688.32,Yes
9132-CW78,Male,0,Yes,No,21,No,No phone service,DSL,No,Yes,No,Yes,No,Yes,Two year,Yes,Credit card (automatic),82.64,1735.44,No
5843-CY86,Female,0,No,No,61,Yes,No,DSL,No,No,No,No,No,Yes,Month-to-month,Yes,Bank transfer (automatic),74.33,4534.13,Yes
6502-CW47,Male,0,No,Yes,10,Yes,Yes,Fiber optic,No,Yes,Yes,No,No,No,Month-to-month,Yes,Electronic check,107.28,1072.8,Yes
9197-EW86,Female,0,Yes,Yes,6,Yes,Yes,No,No internet service,No internet service,No internet service,No internet service,No internet service,No internet service,Two year,No,Electronic check,46.86,281.16,Yes
1531-DW54,Female,0,No,No,10,Yes,No,No,No internet service,No internet service,No internet service,No internet service,No internet service,No internet service,Month-to-month,Yes,Electronic check,30.21,302.1,No
9016-CY68,Male,0,No,No,66,Yes,No,DSL,No,No,Yes,No,No,No,Month-to-month,Yes,Bank transfer (automatic),66.88,4414.08,No
3099-BW88,Male,0,No,No,40,Yes,No,Fiber optic,No,Yes,No,Yes,No,Yes,Month-to-month,Yes,Mailed check,105.31,4212.4,Yes
5566-AW27,Female,0,Yes,Yes,22,Yes,No,Fiber optic,No,No,Yes,No,Yes,Yes,Month-to-month,Yes,Bank transfer (automatic),108.35,2383.7,Yes
2664-BY80,Female,1,Yes,No,33,Yes,Yes,DSL,Yes,No,Yes,No,No,No,Month-to-month,Yes,Mailed check,93.64,3090.12,No
3567-BW98,Female,0,No,No,57,Yes,No,No,No internet service,No internet service,No internet service,No internet service,No internet service,No internet service,Month-to-month,Yes,Mailed check,29.37,1674.09,No
4098-AY41,Male,0,Yes,Yes,60,Yes,Yes,No,No internet service,No internet service,No internet service,No internet service,No internet service,No internet service,Month-to-month,Yes,Bank transfer (automatic),44.64,2678.4,No
7728-AY25,Female,0,No,No,2,Yes,No,No,No internet service,No internet service,No internet service,No internet service,No internet service,No internet service,Two year,No,Credit card (automatic),30.63,61.26,No
4614-AW26,Female,1,No,No,50,Yes,No,Fiber optic,No,No,Yes,No,Yes,No,Month-to-month,No,Electronic check,94.62,4731.0,Yes
7754-CZ16,Female,0,Yes,No,69,Yes,No,Fiber optic,No,Yes,No,No,Yes,No,Month-to-month,Yes,Credit card (automatic),103.53,7143.57,No
5533-EY71,Male,0,No,Yes,11,Yes,No,DSL,Yes,No,No,No,No,No,Month-to-month,Yes,Mailed check,73.8,811.8,Yes
8341-BY67,Female,0,No,No,43,No,No phone service,Fiber optic,No,No,No,No,No,No,Month-to-month,No,Bank transfer (automatic),65.01,2795.43,No
5361-DW83,Female,1,Yes,No,52,Yes,No,Fiber optic,No,No,Yes,No,No,No,Two year,Yes,Credit card (automatic),82.61,4295.72,No
5778-BZ14,Male,0,No,No,15,Yes,No,No,No internet service,No internet service,No internet service,No internet service,No internet service,No internet service,Two year,No,Electronic check,31.34,470.1,Yes
2378-DY86,Female,0,No,No,58,Yes,Yes,No,No internet service,No internet service,No internet service,No internet service,No internet service,No internet service,Month-to-month,No,Electronic check,43.71,2535.18,No
5012-CZ74,Female,0,No,No,28,Yes,Yes,No,No internet service,No internet service,No internet service,No internet service,No internet service,No internet service,Month-to-month,No,Electronic check,43.66,1222.48,Yes
6496-CX76,Male,1,No,No,2,Yes,No,No,No internet service,No internet service,No internet service,No internet service,No internet service,No internet service,One year,Yes,Electronic check,30.13,60.26,No
3224-CW41,Female,0,Yes,No,65,Yes,No,DSL,Yes,No,Yes,Yes,No,No,Month-to-month,No,Bank transfer (automatic),82.89,5387.85,No
8089-BZ32,Male,0,No,No,64,Yes,Yes,Fiber optic,Yes,No,Yes,Yes,Yes,No,Month-to-month,No,Electronic check,126.55,8099.2,No
6917-EZ41,Male,1,No,Yes,57,Yes,Yes,DSL,Yes,Yes,No,No,No,No,Month-to-month,No,Electronic check,92.11,5250.27,Yes
3507-DZ68,Female,0,No,No,72,Yes,Yes,DSL,No,Yes,No,No,Yes,Yes,Two year,Yes,Bank transfer (automatic),97.45,7016.4,No
7350-AZ75,Female,0,No,Yes,3,Yes,No,Fiber optic,No,Yes,No,No,Yes,Yes,Month-to-month,No,Mailed check,101.22,303.66,Yes
6893-AW35,Female,0,Yes,No,50,Yes,Yes,Fiber optic,No,Yes,No,No,No,No,Month-to-month,Yes,Mailed check,95.46,4773.0,No
8185-DW66,Female,0,No,No,6,Yes,Yes,Fiber optic,Yes,Yes,No,No,Yes,No,Month-to-month,Yes,Bank transfer (automatic),118.84,713.04,Yes
2844-AY61,Male,0,Yes,No,1,Yes,No,DSL,Yes,No,No,No,Yes,Yes,Month-to-month,Yes,Bank transfer (automatic),89.69,89.69,Yes
2533-EX25,Female,0,Yes,No,68,Yes,No,DSL,No,No,Yes,No,Yes,No,One year,No,Electronic check,86.93,5911.24,No
3020-DZ37,Male,0,Yes,No,11,Yes,Yes,DSL,Yes,Yes,No,No,No,No,Month-to-month,No,Mailed check,93.68,1030.48,Yes
9519-EX88,Female,0,No,Yes,61,Yes,Yes,DSL,No,Yes,No,No,Yes,Yes,Two year,No,Credit card (automatic),112.87,6885.07,No
1097-CZ39,Female,1,No,No,8,Yes,No,DSL,No,No,Yes,Yes,No,No,Month-to-month,Yes,Mailed check,78.7,629.6,Yes
9052-CZ98,Female,0,No,No,53,Yes,No,Fiber optic,No,No,Yes,Yes,Yes,Yes,Month-to-month,Yes,Bank transfer (automatic),110.25,5843.25,No
6704-BY94,Male,1,No,Yes,63,Yes,No,No,No internet service,No internet service,No internet service,No internet service,No internet service,No internet service,Month-to-month,No,Credit card (automatic),26.5,1669.5,No
2277-DY17,Female,0,No,Yes,4,Yes,No,Fiber optic,No,No,Yes,No,Yes,No,Two year,Yes,Credit card (automatic),93.47,373.88,No
1183-EX94,Female,1,No,No,60,Yes,Yes,Fiber optic,No,Yes,No,Yes,Yes,Yes,Month-to-month,No,Bank transfer (automatic),126.41,7584.6,No
5322-EZ17,Female,0,No,No,56,Yes,No,DSL,No,No,No,Yes,Yes,No,Month-to-month,Yes,Bank transfer (automatic),83.24,4661.44,No
3497-CZ51,Female,0,Yes,No,53,Yes,Yes,No,No internet service,No internet service,No internet service,No internet service,No internet service,No internet service,Two year,No,Credit card (automatic),44.52,2359.56,No
9757-DY55,Male,0,Yes,No,66,Yes,Yes,Fiber optic,No,Yes,No,No,Yes,Yes,Month-to-month,No,Bank transfer (automatic),122.62,8092.92,Yes
1349-CX22,Female,1,No,Yes,1,Yes,No,No,No internet service,No internet service,No internet service,No internet service,No internet service,No internet service,Two year,Yes,Mailed check,34.13,34.13,No
9112-AY67,Male,0,No,No,68,Yes,No,No,No internet service,No internet service,No internet service,No internet service,No internet service,No internet service,Month-to-month,Yes,Electronic check,35.78,2433.04,No
1401-DW20,Male,0,Yes,No,6,Yes,Yes,No,No internet service,No internet service,No internet service,No internet service,No internet service,No internet service,Month-to-month,Yes,Electronic check,44.19,265.14,No
1142-DW26,Male,0,Yes,No,9,Yes,Yes,DSL,No,Yes,No,No,Yes,No,One year,No,Electronic check,90.91,818.19,Yes
8001-EW13,Male,0,No,No,67,Yes,Yes,Fiber optic,Yes,Yes,Yes,No,No,Yes,Month-to-month,No,Mailed check,122.44,8203.48,No
6991-CZ42,Male,0,Yes,No,1,Yes,Yes,DSL,Yes,No,Yes,Yes,Yes,No,One year,No,Mailed check,114.45,114.45,Yes
8676-DW14,Male,0,No,No,24,Yes,No,DSL,No,No,No,No,No,Yes,Month-to-month,Yes,Credit card (automatic),72.8,1747.2,Yes
1660-AX92,Female,0,No,No,63,Yes,Yes,DSL,No,No,No,No,Yes,No,Month-to-month,No,Credit card (automatic),84.33,5312.79,No
1159-BX88,Male,0,Yes,Yes,55,Yes,No,No,No internet service,No internet service,No internet service,No internet service,No internet service,No internet service,Two year,No,Bank transfer (automatic),32.12,1766.6,No
3199-EY62,Male,0,Yes,No,4,Yes,Yes,No,No internet service,No internet service,No internet service,No internet service,No internet service,No internet service,One year,Yes,Credit card (automatic),41.77,167.08,No
7276-EX50,Male,0,No,No,11,Yes,No,DSL,Yes,Yes,No,No,Yes,No,Month-to-month,No,Credit card (automatic),82.68,909.48,Yes
9168-BY10,Female,0,No,No,58,Yes,No,Fiber optic,No,No,No,No,No,No,Month-to-month,Yes,Credit card (automatic),68.98,4000.84,No
5915-BX72,Female,0,No,Yes,59,Yes,No,No,No internet service,No internet service,No internet service,No internet service,No internet service,No internet service,Month-to-month,Yes,Electronic check,25.66,1513.94,Yes
2554-DZ91,Male,0,No,No,34,Yes,Yes,Fiber optic,No,Yes,Yes,Yes,No,No,One year,Yes,Mailed check,117.47,3993.98,No
4076-AZ63,Female,0,Yes,Yes,62,Yes,Yes,Fiber optic,Yes,Yes,Yes,No,Yes,Yes,Two year,Yes,Mailed check,137.39,8518.18,No
2521-AX61,Male,0,No,No,22,Yes,Yes,Fiber optic,No,Yes,No,No,No,Yes,Month-to-month,No,Electronic check,109.9,2417.8,Yes
9432-BZ19,Male,0,No,No,9,Yes,No,No,No internet service,No internet service,No internet service,No internet service,No internet service,No internet service,Month-to-month,Yes,Credit card (automatic),30.56,275.04,Yes
7775-CW91,Female,0,No,No,8,Yes,No,Fiber optic,No,No,Yes,Yes,Yes,No,Month-to-month,No,Electronic check,99.97,799.76,Yes
8875-DZ56,Male,0,Yes,Yes,2,No,No phone service,No,No internet service,No internet service,No internet service,No internet service,No internet service,No internet service,Month-to-month,Yes,Mailed check,18.56,37.12,Yes
9389-BX52,Female,0,No,No,72,No,No phone service,Fiber optic,No,Yes,Yes,No,No,No,Two year,Yes,Electronic check,79.85,5749.2,No
1452-BX72,Female,0,No,No,70,Yes,No,DSL,No,No,No,No,Yes,No,Month-to-month,No,Mailed check,69.21,4844.7,No
1140-CW56,Male,0,Yes,No,19,No,No phone service,DSL,Yes,Yes,No,No,No,Yes,Month-to-month,No,Bank transfer (automatic),76.54,1454.26,Yes
1675-BZ28,Male,0,Yes,No,4,Yes,No,DSL,No,Yes,No,Yes,Yes,Yes,Month-to-month,Yes,Bank transfer (automatic),99.64,398.56,Yes
7675-AY71,Female,0,No,No,50,Yes,Yes,Fiber optic,No,Yes,No,Yes,Yes,No,Month-to-month,No,Electronic check,117.26,5863.0,No
5803-CW98,Male,0,Yes,No,4,Yes,No,DSL,No,Yes,No,No,No,No,Month-to-month,No,Bank transfer (automatic),69.3,277.2,Yes
8811-EY16,Male,0,Yes,Yes,50,Yes,No,No,No internet service,No internet service,No internet service,No internet service,No internet service,No internet service,Two year,Yes,Bank transfer (automatic),28.54,1427.0,No
8088-AY16,Male,0,Yes,Yes,48,Yes,Yes,Fiber optic,Yes,No,Yes,No,No,Yes,One year,Yes,Bank transfer (automatic),122.63,5886.24,No
9545-EZ28,Female,1,No,No,11,No,No phone service,Fiber optic,Yes,No,No,No,No,Yes,Month-to-month,Yes,Electronic check,81.9,900.9,Yes
5848-EX36,Female,0,No,No,5,Yes,Yes,No,No internet service,No internet service,No internet service,No internet service,No internet service,No internet service,One year,No,Electronic check,43.41,217.05,No
5852-DX86,Male,0,No,No,62,Yes,No,No,No internet service,No internet service,No internet service,No internet service,No internet service,No internet service,One year,Yes,Electronic check,31.18,1933.16,No
8738-EZ87,Female,0,Yes,Yes,23,Yes,Yes,No,No internet service,No internet service,No internet service,No internet service,No internet service,No internet service,Month-to-month,Yes,Bank transfer (automatic),46.85,1077.55,No
3781-BZ74,Female,0,No,Yes,20,Yes,Yes,Fiber optic,No,No,Yes,No,Yes,No,Month-to-month,Yes,Mailed check,106.38,2127.6,Yes
2052-CY26,Female,0,No,No,13,Yes,No,DSL,Yes,No,Yes,No,Yes,Yes,Month-to-month,Yes,Electronic check,99.69,1295.97,Yes
5445-AZ45,Female,0,No,Yes,27,Yes,No,No,No internet service,No internet service,No internet service,No internet service,No internet service,No internet service,Month-to-month,No,Electronic check,32.4,874.8,No
8750-CZ93,Female,0,No,No,11,Yes,Yes,No,No internet service,No internet service,No internet service,No internet service,No internet service,No internet service,Two year,No,Bank transfer (automatic),40.19,442.09,No
4277-BX65,Male,0,Yes,Yes,4,Yes,Yes,No,No internet service,No internet service,No internet service,No internet service,No internet service,No internet service,Month-to-month,Yes,Bank transfer (automatic),44.74,178.96,No
4575-AX50,Male,0,No,No,4,Yes,No,Fiber optic,Yes,Yes,Yes,No,No,No,Two year,Yes,Mailed check,94.54,378.16,Yes
5888-BZ65,Male,0,Yes,No,56,Yes,No,Fiber optic,No,No,No,Yes,No,No,Two year,Yes,Bank transfer (automatic),80.56,4511.36,No
3394-BY42,Female,0,No,Yes,62,No,No phone service,DSL,No,No,Yes,No,Yes,Yes,Month-to-month,No,Electronic check,82.26,5100.12,No
3920-CY13,Female,0,Yes,No,4,Yes,Yes,Fiber optic,No,No,Yes,Yes,No,Yes,Two year,No,Electronic check,117.35,469.4,No
6940-AX14,Male,1,Yes,Yes,4,Yes,No,DSL,No,No,No,Yes,No,Yes,Month-to-month,Yes,Mailed check,76.58,306.32,Yes
2977-CY81,Female,0,Yes,No,9,Yes,No,DSL,Yes,No,No,No,Yes,Yes,Month-to-month,Yes,Electronic check,95.66,860.94,Yes
2750-BW30,Male,0,No,No,4,Yes,No,Fiber optic,Yes,No,Yes,No,Yes,Yes,One year,Yes,Credit card (automatic),114.0,456.0,Yes
5247-EX29,Male,0,Yes,No,58,No,No phone service,Fiber optic,No,Yes,No,No,Yes,Yes,Month-to-month,No,Bank transfer (automatic),98.65,5721.7,Yes
3043-DX48,Male,0,No,No,31,Yes,Yes,DSL,No,No,No,Yes,Yes,Yes,Month-to-month,Yes,Bank transfer (automatic),111.51,3456.81,No
6826-CW40,Female,1,Yes,No,5,Yes,Yes,No,No internet service,No internet service,No internet service,No internet service,No internet service,No internet service,One year,Yes,Electronic check,42.97,214.85,No
5462-AW15,Female,0,Yes,Yes,9,Yes,No,No,No internet service,No internet service,No internet service,No internet service,No internet service,No internet service,Two year,Yes,Electronic check,31.85,286.65,No
7789-BY28,Male,1,No,Yes,9,No,No phone service,Fiber optic,Yes,No,Yes,No,Yes,No,Month-to-month,Yes,Electronic check,94.25,848.25,Yes
9982-CZ38,Male,0,Yes,No,61,Yes,Yes,Fiber optic,Yes,Yes,No,Yes,Yes,Yes,Month-to-month,No,Bank transfer (automatic),133.83,8163.63,No
6178-AZ29,Male,1,Yes,No,9,Yes,No,No,No internet service,No internet service,No internet service,No internet service,No internet service,No internet service,Month-to-month,Yes,Mailed check,33.62,302.58,No
3848-BZ63,Male,0,No,No,56,Yes,Yes,DSL,No,No,No,No,No,No,One year,Yes,Mailed check,75.3,4216.8,No
1161-AZ45,Female,0,Yes,No,69,Yes,Yes,Fiber optic,No,No,Yes,No,No,Yes,Month-to-month,No,Bank transfer (automatic),108.4,7479.6,No
3634-BX16,Female,0,Yes,No,49,Yes,Yes,DSL,Yes,Yes,Yes,Yes,Yes,Yes,Two year,Yes,Credit card (automatic),126.14,6180.86,No
2509-CX70,Male,0,Yes,No,1,Yes,Yes,Fiber optic,No,Yes,Yes,No,No,Yes,One year,No,Electronic check,114.18,114.18,Yes
9946-EZ36,Male,0,No,No,62,Yes,No,Fiber optic,No,No,Yes,Yes,Yes,No,One year,Yes,Electronic check,102.67,6365.54,No
4349-DZ17,Female,0,No,No,61,Yes,Yes,Fiber optic,No,No,Yes,No,Yes,Yes,Two year,No,Electronic check,117.99,7197.39,No
8951-BX96,Female,0,No,No,62,Yes,No,DSL,Yes,No,Yes,No,No,Yes,Two year,Yes,Bank transfer (automatic),89.9,5573.8,No
7712-EW53,Male,0,No,Yes,2,Yes,No,DSL,No,Yes,Yes,Yes,No,Yes,Month-to-month,No,Electronic check,94.86,189.72,Yes
7470-EX37,Male,0,Yes,Yes,10,Yes,Yes,Fiber optic,No,Yes,No,No,No,No,Month-to-month,Yes,Bank transfer (automatic),93.32,933.2,Yes
8491-AZ47,Male,0,Yes,Yes,1,Yes,No,Fiber optic,Yes,No,No,No,No,Yes,Two year,Yes,Bank transfer (automatic),93.01,93.01,No
5909-AZ35,Female,0,No,Yes,7,Yes,Yes,Fiber optic,Yes,Yes,No,No,No,No,Two year,No,Electronic check,102.81,719.67,No
8604-CW84,Female,0,Yes,No,40,Yes,No,DSL,No,No,Yes,No,Yes,No,One year,No,Electronic check,76.33,3053.2,No
6909-EW69,Female,0,Yes,No,1,Yes,No,Fiber optic,Yes,No,No,No,No,No,Month-to-month,Yes,Mailed check,76.35,76.35,Yes
7612-DY75,Male,0,Yes,No,70,Yes,Yes,DSL,No,Yes,No,No,No,No,One year,No,Electronic check,83.3,5831.0,No
8832-DZ53,Male,0,Yes,No,4,Yes,Yes,DSL,No,No,No,No,No,No,Month-to-month,Yes,Electronic check,72.14,288.56,Yes
8809-BY42,Female,0,No,No,66,Yes,No,Fiber optic,No,Yes,No,No,No,No,Two year,No,Mailed check,88.63,5849.58,No
9592-BY31,Female,0,Yes,Yes,8,Yes,No,Fiber optic,Yes,Yes,No,No,No,Yes,Month-to-month,Yes,Bank transfer (automatic),105.98,847.84,Yes
2280-EX79,Male,0,No,Yes,21,Yes,Yes,DSL,No,No,Yes,Yes,Yes,Yes,Two year,Yes,Electronic check,119.89,2517.69,No
7632-DW62,Female,0,Yes,Yes,9,Yes,No,DSL,Yes,Yes,No,Yes,Yes,Yes,Month-to-month,Yes,Bank transfer (automatic),110.15,991.35,Yes
8173-BZ97,Female,0,No,No,64,Yes,Yes,Fiber optic,No,No,Yes,No,No,Yes,Two year,No,Electronic check,108.25,6928.0,No
3300-CX43,Male,0,Yes,Yes,10,No,No phone service,DSL,No,No,Yes,No,No,No,Month-to-month,Yes,Bank transfer (automatic),58.97,589.7,Yes
4991-BZ34,Female,0,Yes,Yes,65,Yes,No,Fiber optic,Yes,No,No,Yes,Yes,No,Two year,Yes,Credit card (automatic),102.09,6635.85,No
9312-AY57,Male,1,No,No,17,Yes,Yes,Fiber optic,No,Yes,Yes,No,No,Yes,Two year,No,Credit card (automatic),119.02,2023.34,Yes
8861-AZ11,Male,0,No,No,5,Yes,No,DSL,No,No,No,No,Yes,No,One year,Yes,Mailed check,74.67,373.35,Yes
9994-BY31,Male,0,Yes,Yes,69,Yes,Yes,DSL,No,Yes,No,Yes,Yes,No,One year,Yes,Mailed check,104.79,7230.51,No
9146-CW61,Male,0,Yes,No,7,Yes,No,No,No internet service,No internet service,No internet service,No internet service,No internet service,No internet service,Month-to-month,No,Credit card (automatic),30.03,210.21,Yes
2428-DY63,Male,0,Yes,No,10,Yes,No,Fiber optic,Yes,No,No,No,Yes,Yes,Month-to-month,Yes,Electronic check,107.2,1072.0,Yes
5306-BX23,Male,0,Yes,No,52,Yes,No,Fiber optic,Yes,No,No,Yes,No,No,Two year,Yes,Bank transfer (automatic),91.66,4766.32,No
7688-EZ35,Male,1,Yes,No,62,Yes,No,Fiber optic,No,Yes,Yes,No,Yes,Yes,Month-to-month,Yes,Credit card (automatic),118.32,7335.84,No
4287-AX64,Female,0,No,Yes,5,Yes,No,Fiber optic,Yes,No,Yes,No,Yes,No,Two year,Yes,Mailed check,101.53,507.65,No
6725-BZ83,Male,0,Yes,Yes,56,Yes,No,No,No internet service,No internet service,No internet service,No internet service,No internet service,No internet service,One year,No,Mailed check,29.22,1636.32,No
6595-DX21,Male,1,Yes,No,7,Yes,No,Fiber optic,No,No,Yes,No,Yes,No,Month-to-month,Yes,Bank transfer (automatic),93.48,654.36,Yes
7581-EX50,Female,0,No,No,33,Yes,No,DSL,No,No,Yes,Yes,No,Yes,Month-to-month,Yes,Electronic check,88.41,2917.53,No
7426-BZ85,Female,0,No,No,48,Yes,No,Fiber optic,No,No,Yes,Yes,Yes,No,Month-to-month,Yes,Mailed check,104.91,5035.68,No
9277-DW45,Female,0,No,No,1,Yes,No,Fiber optic,No,Yes,No,Yes,Yes,Yes,Month-to-month,Yes,Electronic check,115.9,115.9,Yes
4128-DW29,Male,0,Yes,No,29,Yes,Yes,Fiber optic,No,Yes,No,No,No,No,Two year,Yes,Electronic check,97.83,2837.07,No
6409-EY18,Female,0,Yes,No,10,Yes,No,Fiber optic,Yes,No,Yes,No,Yes,Yes,One year,No,Electronic check,118.22,1182.2,Yes
4440-BZ54,Male,1,No,No,70,Yes,Yes,No,No internet service,No internet service,No internet service,No internet service,No internet service,No internet service,Month-to-month,No,Mailed check,42.62,2983.4,No
4507-AX73,Male,0,Yes,No,72,Yes,No,Fiber optic,Yes,Yes,No,No,Yes,No,Month-to-month,No,Electronic check,98.5,7092.0,No
2409-AZ54,Male,0,Yes,Yes,7,Yes,No,DSL,No,No,No,Yes,Yes,No,One year,Yes,Bank transfer (automatic),80.96,566.72,No
9720-DX54,Male,0,No,No,50,Yes,No,DSL,No,No,No,No,No,No,Month-to-month,Yes,Mailed check,59.88,2994.0,No
7642-CX19,Female,0,No,Yes,4,Yes,Yes,Fiber optic,No,No,No,No,Yes,Yes,Month-to-month,No,Electronic check,113.5,454.0,Yes
9141-AW95,Female,0,No,Yes,9,Yes,Yes,DSL,No,No,No,No,Yes,Yes,Month-to-month,Yes,Electronic check,95.04,855.36,No
8953-CZ67,Male,0,Yes,No,53,Yes,No,DSL,No,Yes,No,Yes,No,No,Two year,No,Electronic check,76.6,4059.8,No
2693-EZ15,Male,0,Yes,Yes,43,Yes,Yes,Fiber optic,No,Yes,No,Yes,Yes,Yes,Month-to-month,No,Mailed check,135.39,5821.77,No
4662-AY35,Male,0,No,Yes,42,Yes,No,Fiber optic,No,Yes,No,Yes,Yes,Yes,Month-to-month,No,Electronic check,111.01,4662.42,Yes
6194-DZ64,Female,0,Yes,Yes,2,No,No phone service,No,No internet service,No internet service,No internet service,No internet service,No internet service,No internet service,Two year,Yes,Bank transfer (automatic),19.53,39.06,Yes
7870-AX71,Male,0,No,No,3,Yes,No,DSL,No,Yes,No,No,No,Yes,Month-to-month,Yes,Electronic check,80.23,240.69,Yes
8986-CW91,Male,0,No,No,67,Yes,No,DSL,No,No,No,No,No,Yes,Two year,No,Mailed check,70.67,4734.89,No
8034-AZ47,Female,0,No,No,4,Yes,Yes,DSL,No,Yes,Yes,No,No,No,Month-to-month,No,Bank transfer (automatic),91.49,365.96,Yes
2096-BW10,Female,0,Yes,Yes,70,Yes,No,Fiber optic,No,No,No,No,Yes,No,Month-to-month,Yes,Mailed check,85.66,5996.2,Yes
8947-AZ16,Male,1,Yes,No,68,Yes,Yes,DSL,Yes,Yes,No,No,No,No,Month-to-month,No,Mailed check,91.46,6219.28,No
8539-DW78,Female,0,No,No,71,Yes,No,Fiber optic,No,Yes,Yes,No,No,No,Month-to-month,Yes,Credit card (automatic),90.24,6407.04,No
6926-AY88,Female,0,No,No,66,Yes,Yes,DSL,No,No,No,Yes,Yes,No,Month-to-month,Yes,Electronic check,93.39,6163.74,No
4568-CY91,Male,0,No,No,11,Yes,No,Fiber optic,No,No,Yes,No,No,No,Month-to-month,No,Credit card (automatic),82.77,910.47,Yes
1201-EX50,Female,0,Yes,Yes,8,Yes,Yes,No,No internet service,No internet service,No internet service,No internet service,No internet service,No internet service,Month-to-month,Yes,Credit card (automatic),46.44,371.52,Yes
7007-CW30,Male,0,Yes,No,71,Yes,No,DSL,Yes,No,No,No,No,No,Month-to-month,Yes,Electronic check,63.33,4496.43,No
5431-CW84,Female,0,No,No,64,Yes,Yes,Fiber optic,Yes,Yes,No,Yes,No,Yes,One year,Yes,Credit card (automatic),128.08,8197.12,No
4166-AW50,Male,0,No,No,40,Yes,No,Fiber optic,No,No,Yes,No,No,Yes,Two year,Yes,Bank transfer (automatic),92.82,3712.8,No
5319-CZ51,Male,0,No,No,50,Yes,No,No,No internet service,No internet service,No internet service,No internet service,No internet service,No internet service,Two year,Yes,Credit card (automatic),31.86,1593.0,No
5024-CW21,Male,0,Yes,No,64,Yes,Yes,Fiber optic,No,Yes,No,Yes,Yes,No,Month-to-month,Yes,Bank transfer (automatic),115.99,7423.36,No
2387-CW69,Female,0,No,No,8,Yes,No,Fiber optic,No,Yes,No,No,No,Yes,Two year,Yes,Bank transfer (automatic),97.14,777.12,Yes
7598-DZ80,Male,1,No,No,69,No,No phone service,No,No internet service,No internet service,No internet service,No internet service,No internet service,No internet service,Month-to-month,No,Electronic check,19.85,1369.65,No
5109-CW59,Female,0,No,No,50,Yes,No,Fiber optic,No,No,No,No,Yes,Yes,Month-to-month,No,Mailed check,96.21,4810.5,No
4128-CY43,Male,0,Yes,No,26,Yes,Yes,Fiber optic,Yes,Yes,Yes,No,Yes,Yes,Month-to-month,Yes,Electronic check,136.68,3553.68,Yes
1537-BW49,Male,0,Yes,Yes,71,Yes,Yes,DSL,No,Yes,No,No,Yes,No,Two year,Yes,Electronic check,98.58,6999.18,No
6998-BY28,Female,0,No,No,53,No,No phone service,Fiber optic,No,No,Yes,No,No,No,Two year,Yes,Credit card (automatic),73.16,3877.48,No
3037-BY87,Male,0,Yes,No,9,Yes,Yes,No,No internet service,No internet service,No internet service,No internet service,No internet service,No internet service,One year,No,Electronic check,43.63,392.67,No
9724-CZ91,Male,0,Yes,No,5,Yes,Yes,No,No internet service,No internet service,No internet service,No internet service,No internet service,No internet service,Month-to-month,No,Bank transfer (automatic),48.42,242.1,No
2653-AY29,Female,1,No,Yes,7,Yes,Yes,No,No internet service,No internet service,No internet service,No internet service,No internet service,No internet service,One year,No,Electronic check,47.57,332.99,No
3304-AW60,Male,0,Yes,No,54,Yes,Yes,No,No internet service,No internet service,No internet service,No internet service,No internet service,No internet service,Month-to-month,Yes,Electronic check,42.48,2293.92,No
4814-EY93,Male,0,No,No,17,Yes,No,Fiber optic,No,No,No,No,No,No,Month-to-month,No,Mailed check,74.39,1264.63,Yes
6038-BX79,Male,0,Yes,No,4,Yes,No,No,No internet service,No internet service,No internet service,No internet service,No internet service,No internet service,Month-to-month,Yes,Electronic check,24.71,98.84,Yes
2958-AX18,Male,0,No,No,5,Yes,Yes,Fiber optic,No,Yes,No,No,No,Yes,Month-to-month,No,Credit card (automatic),112.62,563.1,Yes
6082-CX15,Female,0,No,No,62,Yes,No,Fiber optic,No,No,No,No,Yes,Yes,Month-to-month,Yes,Electronic check,99.01,6138.62,No
4228-AZ71,Female,0,Yes,Yes,22,Yes,No,Fiber optic,No,Yes,No,No,No,Yes,One year,Yes,Electronic check,97.01,2134.22,Yes
3407-BX87,Male,0,Yes,No,71,Yes,Yes,DSL,Yes,No,No,Yes,No,Yes,Month-to-month,No,Electronic check,97.2,6901.2,No
5337-EY15,Female,1,Yes,Yes,64,Yes,Yes,Fiber optic,Yes,Yes,No,Yes,Yes,Yes,Month-to-month,No,Electronic check,137.16,8778.24,No
8485-DW93,Male,0,Yes,Yes,63,Yes,No,Fiber optic,No,No,Yes,Yes,Yes,No,Month-to-month,Yes,Electronic check,103.5,6520.5,No
2647-EZ22,Female,0,No,No,7,Yes,No,DSL,Yes,No,Yes,Yes,Yes,No,Two year,Yes,Mailed check,89.65,627.55,No
9092-EZ67,Male,0,No,No,9,No,No phone service,DSL,No,No,Yes,Yes,No,No,Month-to-month,Yes,Mailed check,67.97,611.73,Yes
9694-CW73,Male,0,Yes,No,72,Yes,Yes,No,No internet service,No internet service,No internet service,No internet service,No internet service,No internet service,Month-to-month,Yes,Electronic check,44.03,3170.16,No
4812-CY27,Male,0,Yes,No,72,Yes,No,Fiber optic,No,Yes,Yes,Yes,No,No,Month-to-month,Yes,Electronic check,93.74,6749.28,No
1227-DX69,Male,0,Yes,No,63,Yes,No,Fiber optic,No,Yes,No,No,Yes,No,One year,No,Credit card (automatic),93.46,5887.98,No
1378-DX10,Male,0,No,No,2,Yes,Yes,Fiber optic,No,No,No,No,No,No,Month-to-month,Yes,Mailed check,91.37,182.74,No
7256-EW44,Male,0,Yes,Yes,54,No,No phone service,Fiber optic,No,No,No,Yes,Yes,Yes,Month-to-month,No,Mailed check,94.26,5090.04,Yes
7082-CW18,Female,0,No,No,15,Yes,No,DSL,No,No,No,Yes,No,No,Month-to-month,No,Bank transfer (automatic),67.86,1017.9,No
1059-BY98,Male,0,No,No,65,Yes,No,Fiber optic,Yes,No,No,Yes,Yes,No,Month-to-month,No,Bank transfer (automatic),101.7,6610.5,No
4339-DW54,Female,1,No,No,64,Yes,No,No,No internet service,No internet service,No internet service,No internet service,No internet service,No internet service,Month-to-month,No,Bank transfer (automatic),24.02,1537.28,No
6102-BX83,Male,0,Yes,Yes,10,No,No phone service,Fiber optic,No,No,No,No,Yes,No,One year,No,Credit card (automatic),78.87,788.7,Yes
8087-BY17,Female,0,No,No,58,Yes,No,Fiber optic,Yes,No,Yes,Yes,Yes,Yes,Two year,Yes,Electronic check,125.42,7274.36,No
4026-EY62,Female,0,Yes,Yes,1,Yes,Yes,DSL,No,Yes,No,No,No,Yes,Two year,Yes,Electronic check,98.45,98.45,No
4973-EZ83,Female,0,Yes,Yes,42,Yes,No,Fiber optic,No,Yes,No,No,Yes,No,One year,Yes,Mailed check,95.03,3991.26,No
5237-DX13,Male,0,No,No,11,Yes,Yes,DSL,No,Yes,No,Yes,No,No,Month-to-month,Yes,Credit card (automatic),92.45,1016.95,No
7003-EZ48,Male,1,No,No,10,Yes,Yes,Fiber optic,Yes,Yes,Yes,Yes,Yes,No,Two year,Yes,Electronic check,129.16,1291.6,No
9539-BW75,Female,0,Yes,No,4,No,No phone service,Fiber optic,No,No,Yes,No,No,Yes,Two year,No,Bank transfer (automatic),85.72,342.88,No
5923-BX50,Male,0,Yes,No,7,No,No phone service,No,No internet service,No internet service,No internet service,No internet service,No internet service,No internet service,Two year,Yes,Bank transfer (automatic),19.05,133.35,Yes
6919-DW76,Female,0,Yes,No,10,Yes,Yes,Fiber optic,No,Yes,No,No,No,No,Month-to-month,Yes,Mailed check,97.77,977.7,Yes
9513-BZ61,Male,0,Yes,No,60,Yes,Yes,DSL,No,Yes,No,No,Yes,No,Month-to-month,No,Electronic check,91.65,5499.0,No
4965-DW38,Female,0,Yes,No,53,Yes,Yes,Fiber optic,No,Yes,No,No,Yes,No,Two year,Yes,Electronic check,113.37,6008.61,No
9929-CY11,Female,0,Yes,Yes,11,No,No phone service,Fiber optic,No,No,Yes,Yes,Yes,Yes,Two year,Yes,Electronic check,100.05,1100.55,Yes
8998-AY97,Male,1,Yes,No,56,Yes,Yes,DSL,Yes,No,No,Yes,Yes,Yes,One year,No,Electronic check,115.82,6485.92,No
4294-BZ59,Female,0,No,No,55,Yes,Yes,Fiber optic,No,Yes,No,No,No,No,Two year,No,Electronic check,95.25,5238.75,No
1724-BW55,Male,0,No,No,59,No,No phone service,No,No internet service,No internet service,No internet service,No internet service,No internet service,No internet service,Two year,Yes,Bank transfer (automatic),26.36,1555.24,No
3499-BY57,Female,0,No,No,36,Yes,No,DSL,Yes,Yes,Yes,Yes,Yes,No,Month-to-month,No,Credit card (automatic),106.09,3819.24,No
6117-DY28,Female,0,Yes,No,1,Yes,Yes,Fiber optic,Yes,No,Yes,No,No,Yes,Month-to-month,Yes,Bank transfer (automatic),117.91,117.91,Yes
8057-BZ80,Male,0,No,No,10,Yes,No,No,No internet service,No internet service,No internet service,No internet service,No internet service,No internet service,One year,Yes,Bank transfer (automatic),26.92,269.2,No
2730-DX57,Male,0,No,No,58,Yes,Yes,Fiber optic,Yes,No,No,No,Yes,Yes,Month-to-month,Yes,Mailed check,124.67,7230.86,No
5621-BW18,Male,0,No,Yes,2,Yes,Yes,Fiber optic,Yes,No,No,Yes,Yes,Yes,Two year,No,Electronic check,120.21,240.42,Yes
3029-CZ64,Female,0,No,No,61,Yes,Yes,DSL,No,No,Yes,No,No,Yes,Month-to-month,Yes,Electronic check,96.15,5865.15,No
9587-AW17,Male,0,No,No,1,Yes,Yes,DSL,Yes,Yes,Yes,Yes,No,No,Two year,No,Mailed check,108.53,108.53,No
8849-DW29,Female,0,No,No,14,Yes,No,Fiber optic,Yes,Yes,No,No,Yes,Yes,Two year,Yes,Bank transfer (automatic),116.36,1629.04,No
8959-EX45,Female,1,Yes,Yes,64,Yes,Yes,Fiber optic,No,Yes,Yes,No,Yes,No,Month-to-month,No,Credit card (automatic),120.51,7712.64,No
4075-EY25,Male,0,No,No,10,Yes,No,No,No internet service,No internet service,No internet service,No internet service,No internet service,No internet service,Month-to-month,No,Mailed check,28.31,283.1,Yes
4847-CY67,Male,0,No,No,70,No,No phone service,DSL,No,Yes,Yes,No,Yes,No,One year,Yes,Mailed check,79.65,5575.5,No
5355-AX76,Female,0,No,No,8,Yes,No,Fiber optic,No,No,No,No,Yes,No,Month-to-month,Yes,Mailed check,84.99,679.92,Yes
9614-EX81,Female,1,No,No,41,Yes,Yes,DSL,No,No,No,No,Yes,Yes,One year,No,Mailed check,96.51,3956.91,No
5527-CZ11,Male,1,Yes,No,8,Yes,No,DSL,No,Yes,Yes,No,Yes,Yes,Month-to-month,Yes,Bank transfer (automatic),96.9,775.2,Yes
7693-EY91,Male,0,Yes,No,28,No,No phone service,Fiber optic,Yes,Yes,No,Yes,Yes,Yes,Month-to-month,Yes,Bank transfer (automatic),112.24,3142.72,No
9482-CY76,Male,1,No,No,62,Yes,Yes,Fiber optic,Yes,Yes,Yes,Yes,Yes,No,Month-to-month,Yes,Credit card (automatic),137.33,8514.46,No
5283-AY32,Male,0,No,No,11,Yes,No,DSL,No,Yes,Yes,No,No,No,Month-to-month,Yes,Bank transfer (automatic),81.15,892.65,No
5309-CX73,Male,0,No,Yes,59,No,No phone service,DSL,No,No,No,No,Yes,Yes,Month-to-month,Yes,Mailed check,73.19,4318.21,No
5688-AX29,Female,0,Yes,No,46,Yes,No,Fiber optic,Yes,Yes,No,Yes,Yes,No,Two year,Yes,Credit card (automatic),109.07,5017.22,No
2032-AZ84,Female,0,Yes,No,57,No,No phone service,No,No internet service,No internet service,No internet service,No internet service,No internet service,No internet service,Month-to-month,No,Bank transfer (automatic),23.99,1367.43,No
1747-BY81,Female,0,No,No,67,No,No phone service,No,No internet service,No internet service,No internet service,No internet service,No internet service,No internet service,Two year,Yes,Mailed check,21.3,1427.1,No
8004-BZ81,Female,0,No,Yes,63,No,No phone service,DSL,No,Yes,Yes,Yes,Yes,No,Two year,Yes,Mailed check,86.09,5423.67,No
3798-EY26,Male,0,No,No,70,Yes,Yes,No,No internet service,No internet service,No internet service,No internet service,No internet service,No internet service,Two year,No,Credit card (automatic),41.68,2917.6,No
5432-DW16,Male,0,Yes,Yes,50,Yes,Yes,Fiber optic,Yes,No,Yes,No,No,No,Month-to-month,No,Mailed check,110.3,5515.0,No
4324-DX59,Male,0,No,Yes,58,Yes,Yes,No,No internet service,No internet service,No internet service,No internet service,No internet service,No internet service,Two year,Yes,Mailed check,45.28,2626.24,No
1005-BX65,Female,0,Yes,No,61,Yes,Yes,Fiber optic,No,No,No,No,Yes,Yes,Month-to-month,Yes,Electronic check,114.0,6954.0,Yes
4878-BX66,Female,0,No,No,4,Yes,No,Fiber optic,Yes,Yes,No,No,No,Yes,Month-to-month,Yes,Credit card (automatic),104.63,418.52,Yes
1857-BX76,Male,0,Yes,No,5,Yes,Yes,No,No internet service,No internet service,No internet service,No internet service,No internet service,No internet service,Two year,Yes,Mailed check,45.07,225.35,No
8977-CX21,Male,0,Yes,No,4,Yes,Yes,DSL,Yes,Yes,Yes,No,Yes,No,Month-to-month,No,Mailed check,115.42,461.68,No
9845-AZ86,Female,1,No,Yes,37,Yes,No,No,No internet service,No internet service,No internet service,No internet service,No internet service,No internet service,Two year,No,Credit card (automatic),33.04,1222.48,No
3717-CW56,Female,0,No,No,10,Yes,No,No,No internet service,No internet service,No internet service,No internet service,No internet service,No internet service,One year,No,Credit card (automatic),28.32,283.2,No
7122-AW82,Male,0,Yes,No,1,Yes,Yes,No,No internet service,No internet service,No internet service,No internet service,No internet service,No internet service,Month-to-month,No,Credit card (automatic),45.26,45.26,No
2081-CX98,Male,0,No,Yes,49,Yes,No,DSL,No,No,Yes,No,Yes,Yes,Month-to-month,Yes,Electronic check,90.24,4421.76,No
5750-EY37,Female,0,Yes,No,56,Yes,No,DSL,No,No,Yes,Yes,No,Yes,One year,No,Mailed check,93.67,5245.52,No
5296-DY27,Male,0,Yes,No,27,Yes,No,DSL,No,No,No,No,No,No,One year,No,Mailed check,57.83,1561.41,Yes
8663-CY78,Male,0,Yes,No,55,Yes,No,No,No internet service,No internet service,No internet service,No internet service,No internet service,No internet service,One year,Yes,Electronic check,29.64,1630.2,No
4755-DX56,Male,1,Yes,No,10,Yes,No,DSL,No,Yes,Yes,No,Yes,No,Month-to-month,Yes,Credit card (automatic),89.09,890.9,Yes
7121-AY68,Female,0,No,No,1,Yes,Yes,Fiber optic,No,No,Yes,Yes,Yes,Yes,Month-to-month,Yes,Credit card (automatic),131.52,131.52,Yes
2342-EW84,Female,1,Yes,No,3,Yes,No,Fiber optic,No,No,No,No,Yes,Yes,Month-to-month,Yes,Mailed check,101.02,303.06,No
8329-EX87,Female,1,No,No,3,Yes,No,Fiber optic,Yes,No,No,No,No,No,Month-to-month,No,Electronic check,85.4,256.2,Yes
3991-DY82,Female,0,No,Yes,69,Yes,No,DSL,Yes,No,Yes,No,Yes,No,Month-to-month,No,Electronic check,90.08,6215.52,No
1515-CX61,Female,1,Yes,No,2,Yes,Yes,Fiber optic,Yes,Yes,No,Yes,Yes,Yes,Month-to-month,No,Mailed check,136.7,273.4,Yes
4231-AZ60,Female,0,No,No,65,Yes,Yes,No,No internet service,No internet service,No internet service,No internet service,No internet service,No internet service,Month-to-month,No,Electronic check,43.36,2818.4,No
5489-DW91,Female,0,Yes,No,1,Yes,No,DSL,No,No,No,Yes,Yes,No,One year,No,Bank transfer (automatic),80.11,80.11,Yes
9358-EZ19,Male,0,No,No,18,Yes,Yes,No,No internet service,No internet service,No internet service,No internet service,No internet service,No internet service,One year,Yes,Bank transfer (automatic),43.34,780.12,No
1859-AX82,Male,1,Yes,No,25,No,No phone service,Fiber optic,No,No,Yes,No,No,No,Month-to-month,Yes,Credit card (automatic),71.03,1775.75,Yes
1213-BZ32,Male,1,Yes,No,11,Yes,Yes,Fiber optic,No,No,No,No,Yes,No,One year,No,Electronic check,100.73,1108.03,Yes
8402-EZ22,Male,0,Yes,Yes,37,No,No phone service,Fiber optic,Yes,Yes,No,Yes,No,No,One year,No,Mailed check,95.31,3526.47,Yes
1303-EW53,Male,0,Yes,No,28,Yes,Yes,DSL,No,No,No,Yes,No,Yes,Month-to-month,No,Credit card (automatic),99.63,2789.64,Yes
9174-EZ73,Male,0,Yes,No,69,Yes,No,Fiber optic,Yes,No,Yes,Yes,No,Yes,Month-to-month,Yes,Mailed check,110.28,7609.32,No
7951-BX52,Male,0,No,Yes,51,Yes,Yes,No,No internet service,No internet service,No internet service,No internet service,No internet service,No internet service,Month-to-month,No,Electronic check,38.8,1978.8,No
6040-BX96,Female,0,No,No,72,Yes,Yes,DSL,Yes,Yes,No,No,No,Yes,Month-to-month,No,Electronic check,101.23,7288.56,No
4411-DZ43,Female,0,No,No,70,Yes,No,Fiber optic,No,No,Yes,No,No,Yes,Month-to-month,Yes,Credit card (automatic),97.64,6834.8,No
9677-AZ14,Male,0,No,No,1,Yes,Yes,DSL,No,Yes,No,No,Yes,Yes,Month-to-month,No,Bank transfer (automatic),102.3,102.3,Yes
2832-BX29,Male,0,Yes,Yes,65,Yes,No,Fiber optic,No,No,No,No,Yes,No,One year,Yes,Credit card (automatic),88.81,5772.65,No
9373-BZ27,Female,1,Yes,Yes,43,Yes,No,Fiber optic,No,Yes,Yes,Yes,Yes,Yes,Two year,Yes,Electronic check,124.62,5358.66,No
6163-CY88,Male,0,Yes,No,16,Yes,No,Fiber optic,Yes,No,Yes,No,No,Yes,Month-to-month,No,Bank transfer (automatic),103.05,1648.8,No
4950-CY96,Male,0,Yes,Yes,5,Yes,No,DSL,No,No,Yes,Yes,Yes,Yes,One year,Yes,Bank transfer (automatic),99.89,499.45,Yes
3940-BX92,Female,0,No,No,5,No,No phone service,No,No internet service,No internet service,No internet service,No internet service,No internet service,No internet service,Two year,Yes,Electronic check,18.0,90.0,No
3052-EX97,Male,1,No,No,1,Yes,No,DSL,Yes,Yes,Yes,No,Yes,No,Month-to-month,No,Credit card (automatic),98.09,98.09,Yes
1785-DZ81,Female,1,Yes,Yes,34,Yes,Yes,Fiber optic,Yes,No,Yes,No,Yes,No,Two year,No,Bank transfer (automatic),118.93,4043.62,No
8338-AZ50,Male,0,Yes,Yes,3,Yes,Yes,Fiber optic,Yes,No,Yes,No,Yes,Yes,Month-to-month,Yes,Credit card (automatic),128.56,385.68,Yes
4109-DX22,Female,0,No,No,10,Yes,No,No,No internet service,No internet service,No internet service,No internet service,No internet service,No internet service,Two year,No,Credit card (automatic),27.64,276.4,No
6756-EX18,Female,0,No,No,1,Yes,Yes,DSL,Yes,Yes,No,No,Yes,No,Month-to-month,Yes,Electronic check,99.42,99.42,Yes
3413-DZ26,Female,0,Yes,No,40,Yes,No,Fiber optic,No,No,Yes,Yes,No,Yes,Month-to-month,No,Mailed check,104.11,4164.4,No
7335-CZ49,Male,0,No,No,4,Yes,No,Fiber optic,No,No,Yes,No,No,Yes,One year,No,Mailed check,94.39,377.56,Yes
8311-CY35,Female,0,No,No,10,No,No phone service,Fiber optic,No,No,No,Yes,No,Yes,Two year,Yes,Bank transfer (automatic),84.43,844.3,No
4937-AW11,Male,0,Yes,No,65,Yes,Yes,Fiber optic,Yes,No,No,Yes,No,Yes,Month-to-month,Yes,Bank transfer (automatic),113.32,7365.8,No
6722-EY12,Male,0,Yes,No,50,No,No phone service,No,No internet service,No internet service,No internet service,No internet service,No internet service,No internet service,Two year,Yes,Credit card (automatic),18.0,900.0,No
9015-AZ16,Male,0,No,No,51,No,No phone service,Fiber optic,No,Yes,No,No,Yes,No,One year,Yes,Electronic check,81.39,4150.89,No
1175-BZ15,Male,0,No,No,32,Yes,No,No,No internet service,No internet service,No internet service,No internet service,No internet service,No internet service,Month-to-month,No,Bank transfer (automatic),32.31,1033.92,No
8341-CY64,Female,0,No,No,53,Yes,Yes,DSL,No,Yes,No,No,No,No,Month-to-month,Yes,Electronic check,83.52,4426.56,No
5436-AY95,Female,1,Yes,Yes,62,Yes,No,No,No internet service,No internet service,No internet service,No internet service,No internet service,No internet service,Month-to-month,Yes,Electronic check,29.15,1807.3,No
9312-AW29,Male,0,Yes,No,3,Yes,Yes,DSL,No,No,No,No,Yes,Yes,Month-to-month,No,Credit card (automatic),102.32,306.96,Yes
7172-CW54,Male,1,No,Yes,30,Yes,No,Fiber optic,No,No,No,No,Yes,Yes,Two year,Yes,Electronic check,101.89,3056.7,No
5738-DW46,Female,0,No,Yes,64,Yes,No,Fiber optic,No,No,No,No,No,Yes,Two year,Yes,Electronic check,90.32,5780.48,No
5389-AX54,Male,0,Yes,No,63,Yes,No,Fiber optic,No,Yes,No,No,Yes,Yes,One year,Yes,Electronic check,106.27,6695.01,No
1732-BX69,Female,0,No,No,59,Yes,No,DSL,Yes,No,Yes,No,Yes,No,Two year,No,Mailed check,83.76,4941.84,No
4679-EY77,Male,0,No,No,48,Yes,No,Fiber optic,Yes,Yes,Yes,No,No,Yes,Month-to-month,No,Electronic check,116.12,5573.76,No
4699-AX84,Male,0,No,No,5,Yes,Yes,DSL,Yes,Yes,No,Yes,No,No,Month-to-month,No,Bank transfer (automatic),100.57,502.85,Yes
9553-EX60,Female,0,No,No,9,Yes,No,Fiber optic,No,No,Yes,No,Yes,Yes,Two year,Yes,Bank transfer (automatic),108.63,977.67,Yes
3754-AY15,Male,0,No,Yes,67,Yes,No,DSL,No,Yes,Yes,Yes,Yes,Yes,Two year,Yes,Electronic check,110.03,7372.01,No
2803-DW11,Female,0,Yes,No,42,Yes,No,Fiber optic,Yes,Yes,No,No,No,No,Month-to-month,Yes,Mailed check,99.29,4170.18,No
7906-DZ54,Male,0,No,No,11,Yes,No,DSL,No,No,No,No,Yes,No,Month-to-month,Yes,Electronic check,71.7,788.7,Yes
8204-EW78,Male,0,Yes,No,2,Yes,Yes,DSL,No,No,No,Yes,Yes,No,Two year,Yes,Bank transfer (automatic),99.31,198.62,No
3361-CZ64,Male,0,No,No,43,Yes,Yes,DSL,No,Yes,Yes,No,Yes,Yes,Month-to-month,Yes,Mailed check,112.44,4834.92,No
5912-CX54,Female,0,Yes,Yes,2,Yes,Yes,Fiber optic,Yes,Yes,Yes,No,Yes,Yes,Month-to-month,No,Electronic check,140.45,280.9,Yes
4691-AW65,Male,0,No,No,50,Yes,No,No,No internet service,No internet service,No internet service,No internet service,No internet service,No internet service,One year,No,Electronic check,35.35,1767.5,No
3202-BY67,Male,0,Yes,No,69,Yes,Yes,No,No internet service,No internet service,No internet service,No internet service,No internet service,No internet service,Two year,Yes,Electronic check,44.86,3095.34,No
6452-CW39,Male,1,Yes,No,29,Yes,No,DSL,No,No,Yes,No,No,No,Two year,Yes,Bank transfer (automatic),62.24,1804.96,No
2789-BW39,Male,0,Yes,No,5,Yes,Yes,Fiber optic,No,No,Yes,No,No,Yes,Two year,No,Electronic check,111.7,558.5,Yes
1259-AY85,Female,0,Yes,No,5,Yes,Yes,Fiber optic,No,No,No,Yes,Yes,No,Month-to-month,Yes,Electronic check,109.35,546.75,Yes
9175-DY94,Female,1,No,No,62,Yes,Yes,Fiber optic,Yes,No,Yes,No,No,Yes,One year,Yes,Electronic check,120.53,7472.86,No
8230-DX48,Male,0,No,No,48,Yes,Yes,Fiber optic,Yes,Yes,Yes,No,No,Yes,Month-to-month,No,Credit card (automatic),124.6,5980.8,Yes
9091-BW59,Female,0,No,No,6,Yes,No,DSL,No,Yes,No,Yes,No,No,Two year,No,Bank transfer (automatic),83.16,498.96,No
1327-DX95,Male,0,Yes,Yes,51,Yes,Yes,Fiber optic,No,No,No,No,No,Yes,Month-to-month,Yes,Electronic check,102.32,5218.32,Yes
2408-DY17,Male,0,Yes,Yes,10,Yes,Yes,Fiber optic,No,Yes,No,No,No,No,One year,No,Electronic check,100.37,1003.7,No
4239-CX33,Male,0,Yes,No,27,Yes,Yes,DSL,Yes,No,Yes,Yes,Yes,Yes,Two year,Yes,Credit card (automatic),120.0,3240.0,No
4817-BZ17,Female,0,Yes,Yes,37,Yes,No,Fiber optic,No,No,No,Yes,No,No,Month-to-month,No,Electronic check,79.47,2940.39,Yes
9934-BY17,Female,0,No,Yes,67,Yes,No,Fiber optic,No,No,No,Yes,No,No,Two year,No,Credit card (automatic),79.11,5300.37,No
3012-BY44,Female,0,Yes,No,56,Yes,Yes,DSL,No,Yes,No,No,No,No,Month-to-month,Yes,Electronic check,79.13,4431.28,No
7312-DW44,Female,1,Yes,No,3,Yes,No,Fiber optic,Yes,Yes,No,No,No,Yes,Month-to-month,No,Electronic check,105.04,315.12,Yes
5378-AX75,Female,0,Yes,No,63,Yes,Yes,Fiber optic,No,Yes,No,Yes,No,Yes,Month-to-month,No,Bank transfer (automatic),116.19,7319.97,No
4398-EW89,Female,0,Yes,Yes,50,Yes,Yes,No,No internet service,No internet service,No internet service,No internet service,No internet service,No internet service,Two year,Yes,Bank transfer (automatic),41.19,2059.5,No
7428-EX77,Female,0,No,Yes,20,Yes,No,Fiber optic,No,No,No,No,No,Yes,Two year,No,Credit card (automatic),84.91,1698.2,No
4096-EW90,Female,0,No,Yes,32,Yes,Yes,Fiber optic,Yes,No,No,Yes,Yes,No,Month-to-month,Yes,Credit card (automatic),120.11,3843.52,No
3983-AY56,Female,0,Yes,No,6,Yes,No,Fiber optic,No,Yes,No,No,Yes,Yes,Month-to-month,Yes,Mailed check,109.04,654.24,No
9187-CZ36,Male,0,Yes,No,68,Yes,Yes,Fiber optic,No,No,No,No,Yes,Yes,Two year,No,Bank transfer (automatic),116.99,7955.32,No
4269-BY85,Female,0,Yes,No,57,Yes,No,DSL,No,Yes,No,Yes,Yes,Yes,Month-to-month,Yes,Credit card (automatic),99.16,5652.12,No
2625-AZ79,Female,1,Yes,Yes,44,Yes,Yes,Fiber optic,Yes,No,Yes,No,Yes,Yes,One year,Yes,Mailed check,135.99,5983.56,No
9696-EW31,Female,0,Yes,No,4,Yes,No,Fiber optic,No,Yes,Yes,No,Yes,Yes,One year,No,Electronic check,118.25,473.0,Yes
4042-EY76,Female,0,No,No,17,No,No phone service,Fiber optic,No,Yes,No,Yes,Yes,No,Two year,No,Electronic check,89.48,1521.16,No
7564-EX90,Female,0,No,No,15,Yes,No,No,No internet service,No internet service,No internet service,No internet service,No internet service,No internet service,One year,No,Electronic check,32.44,486.6,Yes
8606-BY50,Female,0,No,No,66,Yes,Yes,Fiber optic,No,Yes,Yes,Yes,Yes,No,Month-to-month,Yes,Credit card (automatic),126.06,8319.96,No
7003-CZ97,Female,0,Yes,No,55,Yes,No,DSL,Yes,No,Yes,No,No,No,Two year,Yes,Mailed check,75.5,4152.5,No
2501-AX29,Female,0,Yes,Yes,44,Yes,Yes,DSL,Yes,No,No,No,No,No,Month-to-month,Yes,Electronic check,83.03,3653.32,Yes
5195-BW22,Female,0,No,Yes,37,Yes,No,DSL,No,Yes,No,No,Yes,Yes,Month-to-month,Yes,Credit card (automatic),90.0,3330.0,Yes
8605-EZ15,Female,0,No,No,43,No,No phone service,Fiber optic,No,No,Yes,Yes,No,No,Month-to-month,No,Electronic check,84.03,3613.29,Yes
9374-CZ77,Female,0,No,Yes,7,Yes,Yes,Fiber optic,No,No,No,Yes,Yes,Yes,Two year,No,Bank transfer (automatic),120.27,841.89,No
6584-BZ22,Male,0,Yes,Yes,11,Yes,Yes,No,No internet service,No internet service,No internet service,No internet service,No internet service,No internet service,One year,Yes,Credit card (automatic),43.32,476.52,No
7404-DZ26,Male,0,No,Yes,33,Yes,No,Fiber optic,Yes,No,No,No,No,No,Month-to-month,Yes,Mailed check,85.28,2814.24,No
6816-DW75,Female,0,Yes,Yes,4,Yes,Yes,No,No internet service,No internet service,No internet service,No internet service,No internet service,No internet service,One year,No,Electronic check,51.51,206.04,No
4488-EZ91,Female,0,No,No,21,No,No phone service,Fiber optic,No,No,Yes,No,Yes,Yes,Month-to-month,No,Mailed check,95.51,2005.71,Yes
4999-AY25,Male,0,No,No,4,Yes,No,No,No internet service,No internet service,No internet service,No internet service,No internet service,No internet service,Two year,Yes,Bank transfer (automatic),26.26,105.04,No
7292-CW40,Female,0,No,No,63,Yes,Yes,Fiber optic,No,Yes,Yes,No,No,Yes,Month-to-month,No,Mailed check,121.42,7649.46,No
2143-EX15,Male,0,Yes,No,66,Yes,Yes,Fiber optic,Yes,No,Yes,No,Yes,Yes,One year,Yes,Electronic check,130.59,8618.94,No
8606-EY45,Male,0,No,No,9,Yes,No,Fiber optic,Yes,No,No,Yes,Yes,Yes,One year,No,Electronic check,116.51,1048.59,Yes
2962-BX69,Male,0,Yes,No,59,Yes,No,Fiber optic,No,No,Yes,Yes,No,No,Month-to-month,No,Bank transfer (automatic),91.1,5374.9,No
5415-CW67,Male,1,Yes,No,65,Yes,Yes,Fiber optic,No,Yes,Yes,No,Yes,No,Two year,No,Mailed check,119.78,7785.7,No
9705-AZ93,Male,0,Yes,No,59,Yes,Yes,DSL,No,Yes,No,No,No,No,Month-to-month,Yes,Credit card (automatic),84.09,4961.31,No
1007-DZ78,Female,1,No,Yes,7,Yes,Yes,DSL,No,No,No,Yes,Yes,No,One year,Yes,Bank transfer (automatic),93.43,654.01,No
6414-AX28,Male,0,Yes,No,2,Yes,Yes,Fiber optic,No,No,No,Yes,No,No,Two year,Yes,Bank transfer (automatic),100.11,200.22,Yes
3946-AW37,Female,0,Yes,No,69,Yes,Yes,Fiber optic,No,Yes,Yes,No,Yes,Yes,One year,No,Credit card (automatic),131.5,9073.5,No
8559-AW64,Female,0,No,No,3,Yes,Yes,DSL,No,Yes,No,No,No,No,Month-to-month,No,Electronic check,81.89,245.67,Yes
4065-AZ32,Male,0,Yes,No,10,Yes,No,DSL,No,No,No,No,Yes,No,Two year,No,Electronic check,71.48,714.8,No
6347-BZ59,Male,1,No,No,8,Yes,No,DSL,Yes,Yes,No,No,Yes,No,Month-to-month,No,Bank transfer (automatic),85.64,685.12,Yes
1009-DX25,Female,0,Yes,No,2,Yes,Yes,Fiber optic,No,Yes,No,Yes,No,No,One year,No,Electronic check,107.39,214.78,No
7463-DX20,Male,0,Yes,Yes,65,Yes,Yes,DSL,No,No,No,No,No,No,Two year,Yes,Bank transfer (automatic),76.42,4967.3,No
9865-CZ13,Male,0,No,No,63,Yes,Yes,DSL,Yes,Yes,No,No,Yes,No,Two year,No,Credit card (automatic),102.88,6481.44,No
2456-DY57,Female,0,Yes,No,61,Yes,No,DSL,Yes,Yes,Yes,No,No,Yes,One year,Yes,Credit card (automatic),92.58,5647.38,No
8776-CZ54,Female,0,Yes,No,9,Yes,No,DSL,No,Yes,No,Yes,No,No,Month-to-month,Yes,Bank transfer (automatic),69.93,629.37,Yes
9200-AW80,Male,0,No,Yes,63,Yes,No,No,No internet service,No internet service,No internet service,No internet service,No internet service,No internet service,Two year,Yes,Credit card (automatic),29.31,1846.53,No
2233-BX70,Female,0,No,No,64,Yes,No,DSL,No,Yes,Yes,No,No,No,Month-to-month,Yes,Electronic check,76.71,4909.44,No
7699-DX31,Male,0,No,No,60,No,No phone service,Fiber optic,No,No,Yes,Yes,Yes,Yes,Month-to-month,No,Mailed check,106.93,6415.8,No
3714-CX78,Male,0,Yes,Yes,56,Yes,No,Fiber optic,No,No,Yes,No,No,No,Two year,Yes,Mailed check,86.4,4838.4,No
8219-EZ68,Male,0,Yes,No,69,Yes,Yes,No,No internet service,No internet service,No internet service,No internet service,No internet service,No internet service,One year,Yes,Electronic check,43.93,3031.17,No
9485-DX29,Female,1,No,Yes,56,Yes,Yes,DSL,Yes,No,Yes,No,No,Yes,Month-to-month,No,Electronic check,98.25,5502.0,Yes
5205-CW50,Female,1,No,No,38,Yes,No,DSL,No,No,No,Yes,No,Yes,One year,No,Credit card (automatic),78.46,2981.48,No
4923-EY38,Female,0,No,No,49,Yes,Yes,DSL,Yes,No,Yes,Yes,No,Yes,Month-to-month,Yes,Bank transfer (automatic),117.55,5759.95,No
4790-AW53,Female,0,No,No,50,Yes,No,DSL,No,No,No,Yes,Yes,No,Month-to-month,Yes,Bank transfer (automatic),84.93,4246.5,No
3007-BX92,Female,0,No,Yes,2,Yes,No,Fiber optic,No,No,No,Yes,Yes,No,Month-to-month,Yes,Electronic check,96.28,192.56,Yes
7852-EZ31,Male,0,No,No,21,Yes,No,DSL,No,Yes,No,Yes,No,Yes,Two year,No,Mailed check,86.71,1820.91,No
3264-EY20,Male,0,Yes,Yes,49,Yes,Yes,DSL,No,No,No,No,Yes,No,One year,No,Credit card (automatic),86.73,4249.77,No
2786-CY95,Male,1,No,Yes,5,Yes,No,No,No internet service,No internet service,No internet service,No internet service,No internet service,No internet service,One year,Yes,Bank transfer (automatic),35.14,175.7,No
9571-DW63,Male,0,Yes,Yes,1,Yes,No,Fiber optic,No,No,No,No,No,Yes,Month-to-month,No,Bank transfer (automatic),87.63,87.63,Yes
8025-DY23,Female,1,Yes,Yes,20,Yes,No,DSL,No,Yes,Yes,Yes,Yes,Yes,One year,Yes,Credit card (automatic),106.86,2137.2,Yes
1847-DX53,Male,0,No,No,65,Yes,No,DSL,Yes,Yes,No,No,No,No,Month-to-month,Yes,Mailed check,79.98,5198.7,No
6478-BW26,Female,0,No,Yes,6,Yes,No,DSL,Yes,Yes,Yes,No,No,Yes,Month-to-month,Yes,Bank transfer (automatic),90.16,540.96,Yes
4320-BY88,Male,0,Yes,No,48,Yes,Yes,No,No internet service,No internet service,No internet service,No internet service,No internet service,No internet service,Two year,Yes,Mailed check,41.99,2015.52,No
2807-EW44,Female,1,Yes,No,60,No,No phone service,No,No internet service,No internet service,No internet service,No internet service,No internet service,No internet service,Month-to-month,No,Mailed check,18.0,1080.0,No
4155-EW96,Female,0,Yes,No,18,Yes,Yes,No,No internet service,No internet service,No internet service,No internet service,No internet service,No internet service,One year,Yes,Bank transfer (automatic),48.0,864.0,No
4818-CX32,Male,0,No,No,52,Yes,Yes,No,No internet service,No internet service,No internet service,No internet service,No internet service,No internet service,Two year,Yes,Electronic check,43.32,2252.64,No
7868-BX68,Male,0,No,No,72,Yes,Yes,Fiber optic,Yes,No,Yes,No,No,No,Month-to-month,Yes,Mailed check,100.68,7248.96,No
9276-DW52,Male,0,Yes,No,5,Yes,No,DSL,No,Yes,No,No,No,No,One year,Yes,Electronic check,65.92,329.6,Yes
3797-DZ81,Male,0,Yes,Yes,62,No,No phone service,Fiber optic,No,No,Yes,Yes,Yes,No,One year,Yes,Electronic check,91.59,5678.58,No
9932-EW30,Female,0,No,No,19,Yes,No,Fiber optic,No,Yes,Yes,No,Yes,Yes,Month-to-month,Yes,Mailed check,114.8,2181.2,Yes
1055-CZ48,Male,0,Yes,Yes,57,Yes,Yes,No,No internet service,No internet service,No internet service,No internet service,No internet service,No internet service,One year,Yes,Electronic check,45.38,2586.66,No
4056-DW17,Male,0,No,Yes,60,Yes,Yes,Fiber optic,Yes,Yes,No,No,No,No,One year,Yes,Credit card (automatic),108.9,6534.0,No
7267-EX76,Female,0,No,Yes,8,Yes,Yes,Fiber optic,Yes,Yes,No,No,Yes,Yes,Month-to-month,No,Electronic check,129.06,1032.48,Yes
8552-BY83,Male,0,Yes,No,50,Yes,No,No,No internet service,No internet service,No internet service,No internet service,No internet service,No internet service,Month-to-month,No,Bank transfer (automatic),28.25,1412.5,No
7045-CX21,Male,0,No,Yes,54,Yes,Yes,DSL,Yes,No,Yes,No,Yes,No,Two year,Yes,Electronic check,103.14,5569.56,No
3919-CW82,Male,0,Yes,No,11,Yes,Yes,No,No internet service,No internet service,No internet service,No internet service,No internet service,No internet service,One year,Yes,Electronic check,45.73,503.03,Yes
4594-AY86,Male,0,Yes,Yes,6,Yes,Yes,DSL,No,No,Yes,Yes,No,No,Month-to-month,No,Mailed check,89.2,535.2,Yes
9406-CY82,Male,0,No,No,72,Yes,Yes,Fiber optic,No,No,Yes,No,Yes,Yes,Month-to-month,Yes,Credit card (automatic),116.89,8416.08,No
3870-BX51,Female,1,Yes,Yes,3,Yes,No,DSL,No,No,No,No,No,Yes,One year,Yes,Mailed check,70.53,211.59,Yes
4112-BW52,Male,0,No,Yes,56,Yes,Yes,Fiber optic,No,No,No,No,No,No,Month-to-month,No,Credit card (automatic),92.42,5175.52,No
8437-BX19,Male,0,No,No,63,Yes,Yes,Fiber optic,Yes,No,Yes,Yes,Yes,Yes,Month-to-month,No,Electronic check,137.76,8678.88,No
7171-CX83,Male,0,Yes,Yes,4,Yes,Yes,Fiber optic,Yes,Yes,No,No,Yes,Yes,Two year,Yes,Electronic check,133.73,534.92,No
5769-BX43,Male,0,Yes,No,25,Yes,No,No,No internet service,No internet service,No internet service,No internet service,No internet service,No internet service,One year,Yes,Credit card (automatic),31.51,787.75,No
8155-CZ79,Male,0,Yes,No,51,Yes,No,Fiber optic,No,Yes,Yes,Yes,Yes,No,Month-to-month,Yes,Mailed check,109.42,5580.42,No
6139-AW43,Female,0,Yes,Yes,69,Yes,Yes,Fiber optic,No,No,Yes,No,No,Yes,Month-to-month,No,Mailed check,114.41,7894.29,No
9262-AX25,Male,0,Yes,No,56,Yes,Yes,DSL,Yes,Yes,No,Yes,No,Yes,Month-to-month,Yes,Electronic check,108.39,6069.84,No
4692-BX59,Female,0,Yes,Yes,7,Yes,No,No,No internet service,No internet service,No internet service,No internet service,No internet service,No internet service,Month-to-month,No,Electronic check,24.97,174.79,No
4900-DY14,Female,0,Yes,No,6,Yes,Yes,DSL,Yes,Yes,Yes,Yes,Yes,No,Month-to-month,Yes,Mailed check,120.03,720.18,Yes
6613-CX96,Male,0,No,Yes,34,Yes,No,DSL,No,No,No,No,No,Yes,Month-to-month,Yes,Credit card (automatic),69.65,2368.1,No
3839-BZ88,Male,0,No,No,10,Yes,Yes,DSL,Yes,No,No,No,Yes,No,Month-to-month,Yes,Electronic check,94.83,948.3,Yes
8691-CY76,Male,0,No,Yes,3,No,No phone service,Fiber optic,No,Yes,No,Yes,Yes,Yes,Month-to-month,Yes,Credit card (automatic),101.78,305.34,Yes
1894-AW85,Male,0,Yes,No,55,No,No phone service,No,No internet service,No internet service,No internet service,No internet service,No internet service,No internet service,Two year,Yes,Electronic check,20.01,1100.55,No
3010-BY11,Female,0,Yes,No,2,Yes,Yes,DSL,No,No,No,No,Yes,Yes,Month-to-month,No,Mailed check,100.45,200.9,Yes
5635-CW95,Male,1,No,No,7,Yes,No,Fiber optic,Yes,No,Yes,No,Yes,Yes,Month-to-month,Yes,Electronic check,116.9,818.3,Yes
5833-DY96,Male,0,No,No,58,Yes,No,No,No internet service,No internet service,No internet service,No internet service,No internet service,No internet service,Month-to-month,No,Mailed check,26.59,1542.22,No
1371-BZ36,Male,0,Yes,No,22,Yes,No,Fiber optic,Yes,Yes,No,No,No,No,Month-to-month,Yes,Electronic check,86.94,1912.68,Yes
7998-AZ11,Male,0,No,No,10,Yes,Yes,Fiber optic,No,No,No,No,Yes,Yes,Two year,No,Electronic check,115.19,1151.9,No
5673-AW28,Male,0,No,Yes,6,Yes,No,DSL,No,Yes,No,No,No,No,Month-to-month,No,Credit card (automatic),66.86,401.16,Yes
1667-CY73,Male,0,No,Yes,66,Yes,No,Fiber optic,Yes,No,Yes,No,No,No,Two year,Yes,Bank transfer (automatic),89.33,5895.78,No
5368-AX14,Female,0,Yes,Yes,37,Yes,No,DSL,Yes,Yes,No,No,No,No,Month-to-month,No,Bank transfer (automatic),75.65,2799.05,No
8190-EZ19,Female,0,No,No,65,No,No phone service,No,No internet service,No internet service,No internet service,No internet service,No internet service,No internet service,Two year,Yes,Electronic check,19.49,1266.85,No
5489-DY39,Male,0,No,No,13,Yes,No,Fiber optic,No,Yes,No,No,Yes,Yes,Month-to-month,No,Credit card (automatic),108.12,1405.56,Yes
8281-EW18,Male,0,No,No,23,Yes,Yes,Fiber optic,No,No,Yes,Yes,Yes,Yes,Month-to-month,Yes,Mailed check,131.46,3023.58,No
5241-CY97,Male,0,No,Yes,39,Yes,No,DSL,No,No,No,No,Yes,No,Month-to-month,Yes,Credit card (automatic),74.95,2923.05,Yes
1168-BW53,Female,0,No,No,61,Yes,No,DSL,No,No,No,No,No,Yes,Month-to-month,Yes,Electronic check,71.23,4345.03,No
6033-BW82,Male,1,No,Yes,2,Yes,Yes,DSL,Yes,No,No,No,Yes,Yes,Month-to-month,Yes,Electronic check,109.99,219.98,Yes
9493-EX73,Female,0,Yes,No,26,No,No phone service,Fiber optic,No,No,Yes,No,No,Yes,Month-to-month,No,Credit card (automatic),86.76,2255.76,No
3279-BW29,Male,0,No,No,7,Yes,No,DSL,No,Yes,No,No,Yes,No,One year,No,Mailed check,82.62,578.34,Yes
1960-DY73,Male,1,No,No,54,Yes,Yes,Fiber optic,No,No,No,No,Yes,Yes,Month-to-month,Yes,Credit card (automatic),110.68,5976.72,No
7028-DW79,Male,0,No,No,24,Yes,Yes,DSL,No,Yes,No,No,No,No,Month-to-month,No,Electronic check,82.69,1984.56,Yes
6109-AW95,Male,0,Yes,No,69,Yes,No,Fiber optic,Yes,No,No,Yes,Yes,No,Month-to-month,No,Mailed check,108.69,7499.61,No
7124-DW76,Female,0,Yes,Yes,5,Yes,Yes,DSL,Yes,No,No,No,No,Yes,One year,No,Credit card (automatic),90.89,454.45,No
2912-CX36,Female,0,No,No,7,Yes,Yes,DSL,No,No,Yes,No,No,Yes,Month-to-month,No,Bank transfer (automatic),100.37,702.59,Yes
2531-BW42,Male,0,No,Yes,61,Yes,No,No,No internet service,No internet service,No internet service,No internet service,No internet service,No internet service,Month-to-month,Yes,Bank transfer (automatic),35.24,2149.64,No
5228-CZ90,Male,0,No,No,49,Yes,No,Fiber optic,No,No,No,Yes,No,No,Month-to-month,Yes,Electronic check,85.2,4174.8,Yes
1317-AY76,Female,0,No,No,18,Yes,No,Fiber optic,No,No,No,Yes,Yes,Yes,Two year,Yes,Electronic check,102.96,1853.28,Yes
2743-DW23,Female,1,No,Yes,69,Yes,No,DSL,Yes,Yes,No,No,Yes,Yes,One year,No,Electronic check,99.35,6855.15,No
4051-BY66,Female,0,No,Yes,66,No,No phone service,Fiber optic,Yes,No,No,No,No,No,Month-to-month,Yes,Mailed check,75.38,4975.08,No
3704-DZ90,Female,0,No,No,1,Yes,Yes,Fiber optic,Yes,Yes,Yes,No,No,Yes,Month-to-month,Yes,Credit card (automatic),122.02,122.02,Yes
8376-CY64,Male,0,No,No,67,Yes,No,DSL,Yes,No,Yes,Yes,No,No,Month-to-month,Yes,Mailed check,86.03,5764.01,No
5253-BZ82,Female,0,No,No,6,Yes,No,Fiber optic,No,No,No,Yes,No,No,Month-to-month,Yes,Mailed check,83.32,499.92,Yes
1171-EZ86,Male,0,Yes,Yes,70,No,No phone service,Fiber optic,No,No,Yes,No,Yes,Yes,One year,Yes,Credit card (automatic),95.29,6670.3,No
3198-BZ67,Female,1,Yes,Yes,8,Yes,Yes,DSL,No,No,No,No,No,No,Month-to-month,No,Electronic check,71.64,573.12,Yes
6855-AZ46,Female,0,No,No,62,Yes,No,No,No internet service,No internet service,No internet service,No internet service,No internet service,No internet service,Month-to-month,Yes,Credit card (automatic),34.38,2131.56,No
3857-BY86,Female,0,Yes,No,5,Yes,Yes,Fiber optic,No,Yes,No,No,Yes,Yes,One year,Yes,Credit card (automatic),124.33,621.65,Yes
4740-BY57,Female,0,Yes,Yes,29,Yes,Yes,DSL,No,No,No,Yes,No,Yes,Month-to-month,No,Electronic check,94.51,2740.79,Yes
2074-EY50,Female,1,Yes,No,3,Yes,No,Fiber optic,Yes,No,Yes,No,No,Yes,Month-to-month,No,Electronic check,103.1,309.3,No
2028-BX65,Male,0,Yes,Yes,7,Yes,No,DSL,No,No,Yes,No,Yes,Yes,Month-to-month,Yes,Electronic check,91.2,638.4,Yes
4162-DZ16,Male,0,Yes,No,2,Yes,Yes,No,No internet service,No internet service,No internet service,No internet service,No internet service,No internet service,Month-to-month,No,Bank transfer (automatic),39.58,79.16,Yes
5067-EY91,Female,0,Yes,No,13,Yes,Yes,Fiber optic,No,No,Yes,Yes,No,Yes,Two year,No,Electronic check,121.87,1584.31,No
6562-BW53,Female,1,No,No,58,No,No phone service,DSL,Yes,Yes,Yes,No,No,No,Two year,Yes,Bank transfer (automatic),74.66,4330.28,No
9617-BW72,Male,1,No,No,49,Yes,No,DSL,Yes,Yes,Yes,Yes,Yes,Yes,Month-to-month,No,Mailed check,118.86,5824.14,No
6681-DX63,Female,1,Yes,No,68,Yes,Yes,DSL,Yes,No,Yes,Yes,Yes,Yes,Month-to-month,No,Credit card (automatic),121.64,8271.52,No
4991-DW48,Female,0,Yes,Yes,58,Yes,Yes,Fiber optic,No,Yes,Yes,Yes,Yes,No,Month-to-month,Yes,Credit card (automatic),126.28,7324.24,Yes
4942-AZ88,Male,0,No,Yes,9,Yes,No,Fiber optic,No,Yes,No,Yes,Yes,Yes,Month-to-month,Yes,Credit card (automatic),115.96,1043.64,Yes
3377-DZ38,Female,0,Yes,No,4,Yes,No,DSL,No,Yes,No,No,Yes,No,Two year,Yes,Electronic check,83.09,332.36,No
1434-DX32,Female,1,No,No,12,Yes,No,DSL,No,No,No,Yes,Yes,Yes,Month-to-month,No,Electronic check,97.38,1168.56,No
9572-EX66,Male,0,No,No,6,Yes,No,DSL,No,No,No,No,Yes,No,Two year,Yes,Electronic check,70.95,425.7,No
6167-BY55,Male,0,No,No,61,Yes,No,DSL,No,No,No,No,No,No,Month-to-month,No,Mailed check,58.96,3596.56,No
5422-BX97,Male,0,Yes,No,24,Yes,No,Fiber optic,No,Yes,No,Yes,No,Yes,Two year,Yes,Mailed check,102.26,2454.24,No
5824-DY79,Female,0,No,Yes,2,Yes,Yes,Fiber optic,No,No,Yes,Yes,No,No,One year,Yes,Credit card (automatic),104.21,208.42,Yes
5180-AY48,Male,0,Yes,No,66,Yes,No,Fiber optic,Yes,Yes,No,No,Yes,No,One year,Yes,Credit card (automatic),110.94,7322.04,No
2942-EX62,Male,1,No,No,47,Yes,Yes,No,No internet service,No internet service,No internet service,No internet service,No internet service,No internet service,Month-to-month,Yes,Electronic check,39.96,1878.12,No
2254-DX66,Male,1,No,No,10,Yes,Yes,No,No internet service,No internet service,No internet service,No internet service,No internet service,No internet service,Two year,No,Credit card (automatic),53.06,530.6,No
9111-DW71,Male,0,Yes,No,55,Yes,Yes,Fiber optic,No,Yes,No,Yes,Yes,Yes,Month-to-month,No,Electronic check,131.92,7255.6,No
2371-CZ50,Male,0,Yes,Yes,24,Yes,No,Fiber optic,No,No,No,Yes,Yes,No,Two year,Yes,Electronic check,94.75,2274.0,No
9549-BY34,Male,0,Yes,No,70,Yes,Yes,No,No internet service,No internet service,No internet service,No internet service,No internet service,No internet service,One year,Yes,Credit card (automatic),42.49,2974.3,No
8729-DW84,Female,0,No,No,10,Yes,Yes,DSL,Yes,Yes,No,No,Yes,No,Month-to-month,No,Credit card (automatic),102.88,1028.8,Yes
4849-EY77,Female,0,Yes,No,9,Yes,No,DSL,Yes,No,No,No,No,Yes,Two year,No,Electronic check,78.31,704.79,No
7313-BZ37,Male,0,No,Yes,10,No,No phone service,DSL,Yes,Yes,No,No,No,No,Two year,No,Credit card (automatic),70.14,701.4,No
8786-BW11,Male,0,Yes,Yes,56,Yes,No,Fiber optic,Yes,No,Yes,Yes,Yes,No,Two year,Yes,Credit card (automatic),112.89,6321.84,No
4105-AZ56,Male,1,No,Yes,8,Yes,No,Fiber optic,No,No,No,Yes,No,Yes,Month-to-month,No,Electronic check,100.01,800.08,Yes
9413-BX93,Female,0,No,Yes,55,Yes,Yes,Fiber optic,Yes,Yes,Yes,No,No,Yes,Two year,No,Electronic check,125.13,6882.15,No
4008-AW96,Female,0,No,No,61,Yes,Yes,Fiber optic,Yes,Yes,No,No,No,No,One year,Yes,Bank transfer (automatic),106.42,6491.62,No
3890-DZ24,Female,0,No,No,4,Yes,No,Fiber optic,No,No,Yes,No,Yes,Yes,One year,Yes,Credit card (automatic),106.71,426.84,Yes
7285-AW79,Female,0,Yes,No,9,Yes,Yes,DSL,No,No,No,Yes,No,Yes,Two year,Yes,Mailed check,93.88,844.92,No
8446-BY55,Female,0,Yes,No,6,Yes,No,DSL,Yes,Yes,No,No,Yes,Yes,Month-to-month,No,Electronic check,96.91,581.46,Yes
6883-CY15,Female,0,No,No,35,Yes,Yes,DSL,Yes,Yes,No,No,No,No,Month-to-month,Yes,Bank transfer (automatic),93.16,3260.6,Yes
9088-AZ41,Female,0,Yes,Yes,46,No,No phone service,DSL,Yes,Yes,No,No,No,No,One year,Yes,Bank transfer (automatic),67.02,3082.92,No
6468-AZ35,Female,1,Yes,No,11,Yes,No,No,No internet service,No internet service,No internet service,No internet service,No internet service,No internet service,Month-to-month,Yes,Mailed check,29.86,328.46,No
5690-AX26,Female,0,Yes,No,63,Yes,No,No,No internet service,No internet service,No internet service,No internet service,No internet service,No internet service,One year,Yes,Electronic check,31.51,1985.13,No
8226-BW72,Male,0,Yes,Yes,46,Yes,Yes,No,No internet service,No internet service,No internet service,No internet service,No internet service,No internet service,Month-to-month,Yes,Credit card (automatic),43.76,2012.96,No
3358-BZ37,Male,0,Yes,Yes,54,No,No phone service,Fiber optic,No,Yes,Yes,No,No,Yes,Month-to-month,No,Bank transfer (automatic),93.05,5024.7,Yes
9250-BX48,Male,0,No,No,62,Yes,No,No,No internet service,No internet service,No internet service,No internet service,No internet service,No internet service,Month-to-month,Yes,Credit card (automatic),32.59,2020.58,No
9376-DX26,Male,0,Yes,No,48,Yes,Yes,Fiber optic,Yes,No,No,Yes,Yes,Yes,Month-to-month,Yes,Credit card (automatic),133.0,6384.0,No
1577-CZ94,Female,0,No,No,7,Yes,Yes,Fiber optic,No,Yes,No,No,Yes,No,Month-to-month,No,Credit card (automatic),114.58,802.06,Yes
9262-DZ76,Female,0,Yes,Yes,48,Yes,No,Fiber optic,Yes,No,No,Yes,Yes,No,Month-to-month,Yes,Credit card (automatic),99.67,4784.16,No
4640-DW52,Male,1,No,No,36,Yes,Yes,Fiber optic,Yes,No,Yes,No,No,No,Month-to-month,Yes,Credit card (automatic),103.11,3711.96,Yes
6419-CY70,Female,0,Yes,No,27,Yes,Yes,Fiber optic,Yes,Yes,Yes,Yes,No,No,One year,Yes,Bank transfer (automatic),118.54,3200.58,No
1266-EZ42,Male,0,No,Yes,50,Yes,Yes,Fiber optic,No,No,Yes,Yes,No,No,Two year,Yes,Bank transfer (automatic),104.06,5203.0,No
3326-BW29,Female,0,No,No,64,No,No phone service,DSL,No,Yes,Yes,Yes,No,No,Month-to-month,No,Bank transfer (automatic),72.99,4671.36,No
3034-BX98,Male,0,Yes,Yes,10,Yes,Yes,Fiber optic,Yes,No,No,No,Yes,Yes,Month-to-month,Yes,Bank transfer (automatic),123.31,1233.1,Yes
5099-AZ61,Female,0,No,No,11,No,No phone service,Fiber optic,Yes,Yes,No,No,No,No,Month-to-month,No,Electronic check,84.49,929.39,Yes
2023-BY68,Female,0,No,Yes,18,No,No phone service,DSL,Yes,No,No,No,Yes,No,Month-to-month,Yes,Mailed check,68.82,1238.76,No
9471-AX37,Male,0,No,Yes,31,Yes,Yes,No,No internet service,No internet service,No internet service,No internet service,No internet service,No internet service,Two year,Yes,Electronic check,46.72,1448.32,No
4942-DZ85,Female,0,No,Yes,1,Yes,No,DSL,Yes,No,Yes,No,No,Yes,Month-to-month,No,Electronic check,91.83,91.83,Yes
1189-BX93,Male,0,Yes,Yes,1,Yes,No,DSL,No,Yes,No,No,Yes,No,Month-to-month,Yes,Electronic check,78.63,78.63,Yes
5014-CW62,Male,0,No,No,5,Yes,Yes,DSL,Yes,No,No,Yes,No,No,Month-to-month,No,Credit card (automatic),90.16,450.8,Yes
6166-CX72,Male,0,Yes,Yes,25,Yes,Yes,No,No internet service,No internet service,No internet service,No internet service,No internet service,No internet service,Two year,Yes,Mailed check,45.2,1130.0,No
1464-AW54,Male,0,Yes,No,71,Yes,No,Fiber optic,Yes,No,Yes,Yes,No,No,Month-to-month,Yes,Electronic check,93.97,6671.87,No
7126-EX75,Female,0,No,Yes,1,Yes,No,Fiber optic,No,Yes,No,No,No,Yes,One year,Yes,Bank transfer (automatic),96.53,96.53,Yes
2904-BY70,Female,0,Yes,No,6,Yes,No,No,No internet service,No internet service,No internet service,No internet service,No internet service,No internet service,Month-to-month,No,Electronic check,26.39,158.34,Yes
7973-AX23,Female,0,No,No,21,Yes,No,Fiber optic,No,No,Yes,No,Yes,Yes,Month-to-month,No,Credit card (automatic),109.37,2296.77,Yes
8861-AZ18,Male,0,No,Yes,28,No,No phone service,DSL,No,No,Yes,Yes,No,No,Two year,Yes,Electronic check,64.71,1811.88,No
1043-CX68,Female,1,No,No,10,Yes,No,DSL,No,No,No,Yes,No,Yes,Month-to-month,Yes,Electronic check,78.47,784.7,Yes
6883-CX35,Male,0,No,Yes,47,No,No phone service,Fiber optic,No,No,No,No,No,No,One year,Yes,Credit card (automatic),62.06,2916.82,No
7842-EX88,Female,0,Yes,No,10,Yes,Yes,Fiber optic,No,Yes,No,Yes,Yes,Yes,One year,No,Mailed check,131.62,1316.2,Yes
9706-AW10,Female,0,Yes,No,14,Yes,Yes,DSL,No,No,No,Yes,Yes,No,Month-to-month,Yes,Credit card (automatic),96.6,1352.4,No
6312-CX84,Female,0,Yes,No,54,Yes,Yes,DSL,Yes,Yes,No,No,Yes,Yes,Month-to-month,Yes,Mailed check,113.63,6136.02,No
8549-BX89,Male,1,Yes,No,10,Yes,No,DSL,No,No,No,Yes,Yes,No,One year,Yes,Mailed check,85.39,853.9,No
5319-BY34,Female,1,Yes,No,71,Yes,No,Fiber optic,Yes,No,Yes,No,No,Yes,Month-to-month,No,Mailed check,103.1,7320.1,No
4977-EZ10,Female,0,Yes,Yes,4,Yes,No,DSL,No,No,No,No,Yes,Yes,Month-to-month,Yes,Electronic check,83.96,335.84,Yes
2634-EZ67,Male,0,No,Yes,40,Yes,Yes,DSL,No,No,No,No,No,No,Month-to-month,No,Electronic check,75.18,3007.2,No
1768-DZ14,Female,0,No,No,66,Yes,No,Fiber optic,No,No,No,Yes,Yes,No,Two year,No,Electronic check,92.96,6135.36,No
3603-AW66,Male,1,Yes,No,66,Yes,No,Fiber optic,Yes,No,No,Yes,No,No,Two year,Yes,Credit card (automatic),88.02,5809.32,No
1511-EZ75,Female,0,No,No,3,Yes,No,Fiber optic,No,Yes,Yes,No,Yes,No,Two year,Yes,Bank transfer (automatic),101.88,305.64,Yes
1734-CX18,Male,0,Yes,No,64,Yes,Yes,Fiber optic,No,Yes,No,No,Yes,Yes,Month-to-month,No,Electronic check,123.9,7929.6,No
5701-EX48,Male,0,Yes,No,57,Yes,No,Fiber optic,Yes,Yes,No,Yes,Yes,No,Month-to-month,Yes,Electronic check,105.45,6010.65,No
2859-DW35,Female,0,No,No,6,No,No phone service,Fiber optic,No,Yes,No,Yes,No,No,Month-to-month,Yes,Credit card (automatic),76.5,459.0,No
3662-CW95,Male,0,No,No,3,Yes,Yes,No,No internet service,No internet service,No internet service,No internet service,No internet service,No internet service,Month-to-month,No,Electronic check,43.18,129.54,Yes
2335-AY16,Male,0,No,No,31,No,No phone service,DSL,No,No,No,No,No,Yes,Two year,No,Mailed check,56.62,1755.22,No
3131-BZ62,Male,0,Yes,No,50,Yes,No,Fiber optic,No,No,No,No,No,No,Two year,No,Mailed check,70.75,3537.5,No
1301-AW98,Male,0,No,Yes,8,Yes,No,Fiber optic,Yes,Yes,No,No,No,No,Two year,No,Bank transfer (automatic),93.43,747.44,Yes
4694-DX77,Male,0,No,Yes,69,Yes,Yes,DSL,No,No,Yes,No,Yes,Yes,Month-to-month,Yes,Electronic check,105.69,7292.61,No
9805-EW38,Male,0,No,No,65,Yes,No,Fiber optic,Yes,Yes,Yes,Yes,Yes,No,Two year,Yes,Credit card (automatic),116.46,7569.9,No
3128-DY82,Female,0,No,Yes,2,Yes,Yes,DSL,Yes,No,No,Yes,Yes,Yes,Two year,Yes,Mailed check,115.42,230.84,No
3621-DY91,Male,0,No,No,34,Yes,No,Fiber optic,No,Yes,Yes,Yes,No,No,Month-to-month,Yes,Electronic check,99.34,3377.56,Yes
2881-DW71,Male,0,No,No,41,Yes,Yes,Fiber optic,No,No,No,Yes,Yes,No,Month-to-month,Yes,Electronic check,113.49,4653.09,No
3320-AY19,Female,0,No,No,11,Yes,No,DSL,No,No,No,Yes,Yes,Yes,Month-to-month,Yes,Mailed check,86.66,953.26,Yes
9890-AX37,Female,0,No,No,10,Yes,No,Fiber optic,No,Yes,No,No,Yes,No,Month-to-month,No,Electronic check,92.22,922.2,Yes
1459-EX53,Female,0,No,No,7,Yes,Yes,Fiber optic,Yes,No,No,Yes,No,No,Two year,No,Credit card (automatic),104.21,729.47,Yes
9141-EW88,Female,0,Yes,No,4,Yes,No,Fiber optic,Yes,Yes,Yes,No,Yes,Yes,Month-to-month,No,Electronic check,124.17,496.68,Yes
6925-CZ95,Female,0,No,No,8,Yes,No,Fiber optic,Yes,Yes,No,No,No,No,One year,Yes,Credit card (automatic),99.68,797.44,Yes
1531-DW92,Female,0,Yes,No,25,Yes,Yes,DSL,No,Yes,Yes,No,No,No,One year,No,Mailed check,92.76,2319.0,No
7564-EW69,Female,0,Yes,No,50,No,No phone service,Fiber optic,Yes,Yes,Yes,No,No,Yes,Month-to-month,Yes,Electronic check,100.2,5010.0,No
3524-BZ26,Male,0,No,No,55,Yes,No,No,No internet service,No internet service,No internet service,No internet service,No internet service,No internet service,Month-to-month,Yes,Electronic check,26.36,1449.8,No
2100-AX19,Male,0,No,No,57,Yes,No,DSL,No,No,Yes,No,No,Yes,Two year,No,Mailed check,75.98,4330.86,No
3200-BZ88,Female,0,No,No,34,No,No phone service,Fiber optic,No,Yes,No,No,No,Yes,Month-to-month,Yes,Bank transfer (automatic),87.71,2982.14,Yes
9250-CY67,Male,0,Yes,No,56,Yes,No,Fiber optic,Yes,No,Yes,No,Yes,No,One year,No,Credit card (automatic),100.62,5634.72,No
2653-EY52,Male,0,No,No,2,Yes,No,Fiber optic,No,No,Yes,No,Yes,No,Two year,Yes,Bank transfer (automatic),93.94,187.88,No
1243-CZ14,Male,0,Yes,No,19,Yes,No,DSL,Yes,No,No,No,No,Yes,Month-to-month,Yes,Mailed check,84.97,1614.43,No
7073-DW90,Female,0,No,No,29,Yes,No,Fiber optic,No,Yes,No,No,No,Yes,Two year,Yes,Electronic check,89.86,2605.94,No
4771-BY34,Female,0,No,No,9,Yes,No,Fiber optic,Yes,No,No,Yes,Yes,Yes,Month-to-month,No,Credit card (automatic),115.81,1042.29,Yes
9442-DX30,Male,0,No,No,5,Yes,No,No,No internet service,No internet service,No internet service,No internet service,No internet service,No internet service,One year,Yes,Credit card (automatic),27.29,136.45,No
1506-DW84,Female,0,No,No,2,Yes,Yes,DSL,No,No,Yes,Yes,No,Yes,One year,No,Mailed check,107.91,215.82,No
5587-AX49,Male,0,No,No,6,Yes,Yes,No,No internet service,No internet service,No internet service,No internet service,No internet service,No internet service,Month-to-month,No,Electronic check,42.18,253.08,No
4055-DZ73,Male,0,No,No,7,No,No phone service,Fiber optic,No,No,No,No,No,Yes,Month-to-month,No,Bank transfer (automatic),79.01,553.07,Yes
4922-BX88,Male,0,Yes,No,37,Yes,No,DSL,No,Yes,No,Yes,No,Yes,One year,Yes,Credit card (automatic),82.58,3055.46,Yes
2789-DX82,Male,0,Yes,No,52,Yes,No,Fiber optic,Yes,Yes,No,No,Yes,Yes,One year,Yes,Mailed check,119.66,6222.32,No
7178-AX69,Female,0,No,Yes,19,Yes,No,Fiber optic,No,Yes,No,No,No,No,Month-to-month,No,Mailed check,85.76,1629.44,Yes
2342-DW66,Female,0,No,No,66,Yes,Yes,DSL,No,No,Yes,Yes,No,Yes,One year,No,Credit card (automatic),101.33,6687.78,No
5785-AX70,Female,0,Yes,No,1,Yes,No,DSL,Yes,No,No,No,No,Yes,One year,No,Electronic check,81.18,81.18,No
5756-BZ15,Male,1,No,No,8,Yes,Yes,No,No internet service,No internet service,No internet service,No internet service,No internet service,No internet service,Month-to-month,Yes,Mailed check,47.87,382.96,Yes
2062-AY65,Female,1,Yes,No,9,Yes,No,No,No internet service,No internet service,No internet service,No internet service,No internet service,No internet service,Month-to-month,Yes,Electronic check,30.46,274.14,Yes
9717-BW60,Male,0,No,No,7,Yes,Yes,DSL,No,Yes,No,No,Yes,No,Month-to-month,Yes,Electronic check,93.83,656.81,Yes
6400-EZ20,Female,0,No,No,32,Yes,Yes,DSL,No,No,Yes,No,No,Yes,Month-to-month,No,Credit card (automatic),94.71,3030.72,No
7838-BZ46,Male,0,No,Yes,18,Yes,No,No,No internet service,No internet service,No internet service,No internet service,No internet service,No internet service,Month-to-month,Yes,Bank transfer (automatic),30.33,545.94,No
5067-EW37,Male,0,No,No,1,Yes,No,Fiber optic,No,No,Yes,Yes,No,No,Two year,No,Credit card (automatic),91.17,91.17,Yes
9877-CX32,Male,0,Yes,No,7,Yes,Yes,DSL,Yes,No,No,No,Yes,No,Month-to-month,No,Mailed check,96.3,674.1,Yes
7804-BW12,Female,0,Yes,Yes,49,No,No phone service,No,No internet service,No internet service,No internet service,No internet service,No internet service,No internet service,Month-to-month,Yes,Credit card (automatic),18.0,882.0,No
6730-CX51,Female,0,No,Yes,69,Yes,Yes,DSL,No,No,Yes,Yes,Yes,No,Two year,Yes,Mailed check,101.06,6973.14,No
8264-DX71,Female,0,No,No,57,Yes,Yes,Fiber optic,Yes,No,Yes,Yes,Yes,No,Month-to-month,No,Electronic check,124.83,7115.31,No
1647-DW14,Female,0,Yes,No,9,Yes,Yes,Fiber optic,No,No,No,Yes,No,Yes,Month-to-month,Yes,Credit card (automatic),111.41,1002.69,Yes
2982-AW17,Male,0,No,Yes,1,Yes,Yes,Fiber optic,No,Yes,No,Yes,Yes,Yes,One year,Yes,Electronic check,125.42,125.42,Yes
3019-CZ78,Female,0,Yes,No,56,Yes,No,DSL,Yes,No,No,No,Yes,Yes,Two year,Yes,Mailed check,92.46,5177.76,No
3832-EY67,Female,0,No,No,48,Yes,No,Fiber optic,No,No,Yes,No,Yes,Yes,Two year,Yes,Mailed check,109.34,5248.32,No
8102-CZ85,Male,0,No,No,63,Yes,Yes,No,No internet service,No internet service,No internet service,No internet service,No internet service,No internet service,Two year,No,Electronic check,45.15,2844.45,No
4675-DZ37,Male,0,Yes,No,63,Yes,No,Fiber optic,Yes,Yes,Yes,Yes,Yes,No,Month-to-month,Yes,Electronic check,119.23,7511.49,No
5696-BX76,Male,0,Yes,No,6,Yes,Yes,Fiber optic,Yes,Yes,Yes,No,No,No,Two year,Yes,Bank transfer (automatic),113.09,678.54,Yes
5766-EZ64,Female,0,No,No,8,Yes,Yes,DSL,No,Yes,Yes,No,No,No,Month-to-month,No,Electronic check,91.19,729.52,Yes
6604-EZ51,Male,0,No,No,12,No,No phone service,No,No internet service,No internet service,No internet service,No internet service,No internet service,No internet service,Month-to-month,Yes,Mailed check,18.68,224.16,Yes
5789-AZ52,Male,0,No,No,10,Yes,Yes,No,No internet service,No internet service,No internet service,No internet service,No internet service,No internet service,Month-to-month,Yes,Mailed check,44.5,445.0,Yes
8059-BX58,Male,0,No,Yes,55,Yes,No,No,No internet service,No internet service,No internet service,No internet service,No internet service,No internet service,Month-to-month,No,Mailed check,28.68,1577.4,No
6008-EX91,Female,1,No,No,57,Yes,Yes,Fiber optic,No,No,No,Yes,Yes,No,Month-to-month,No,Bank transfer (automatic),109.46,6239.22,No
2033-DZ13,Male,0,No,Yes,10,Yes,Yes,No,No internet service,No internet service,No internet service,No internet service,No internet service,No internet service,One year,Yes,Credit card (automatic),44.05,440.5,No
7057-EX68,Female,0,No,Yes,10,Yes,Yes,DSL,Yes,No,No,No,Yes,No,Month-to-month,Yes,Electronic check,91.46,914.6,Yes
9125-EX92,Female,1,No,Yes,63,Yes,Yes,Fiber optic,No,Yes,Yes,Yes,No,Yes,Month-to-month,No,Bank transfer (automatic),121.48,7653.24,No
5062-EY19,Male,1,Yes,Yes,33,Yes,Yes,Fiber optic,No,No,Yes,No,Yes,No,One year,No,Electronic check,110.24,3637.92,Yes
4238-DX71,Male,0,Yes,No,2,No,No phone service,Fiber optic,Yes,Yes,Yes,No,Yes,Yes,One year,Yes,Bank transfer (automatic),114.81,229.62,Yes
3428-DX66,Female,0,No,Yes,27,Yes,No,No,No internet service,No internet service,No internet service,No internet service,No internet service,No internet service,Month-to-month,Yes,Mailed check,34.66,935.82,Yes
7686-DZ31,Male,0,Yes,No,70,No,No phone service,Fiber optic,No,Yes,No,No,No,Yes,Month-to-month,Yes,Electronic check,88.29,6180.3,No
6218-EZ92,Male,0,No,No,15,Yes,No,DSL,Yes,No,No,Yes,No,No,Month-to-month,No,Electronic check,78.71,1180.65,Yes
8931-DW15,Female,0,No,No,11,Yes,No,Fiber optic,Yes,No,Yes,No,No,Yes,Month-to-month,Yes,Mailed check,103.69,1140.59,Yes
8420-DX75,Female,0,No,Yes,66,Yes,Yes,DSL,No,No,No,Yes,No,No,One year,No,Electronic check,83.36,5501.76,No
3467-BY85,Male,0,Yes,No,53,Yes,Yes,Fiber optic,Yes,Yes,No,No,Yes,No,Month-to-month,Yes,Electronic check,115.63,6128.39,Yes
2259-AY31,Female,0,Yes,No,69,Yes,Yes,DSL,No,Yes,Yes,No,No,No,Month-to-month,No,Credit card (automatic),88.29,6092.01,No
3119-DX20,Male,0,Yes,No,4,Yes,Yes,DSL,Yes,No,No,Yes,Yes,No,Month-to-month,No,Electronic check,103.57,414.28,Yes
4457-DW98,Male,0,Yes,No,57,Yes,No,Fiber optic,Yes,Yes,Yes,Yes,Yes,Yes,Two year,Yes,Bank transfer (automatic),128.5,7324.5,No
2940-AW81,Male,0,Yes,No,66,Yes,Yes,No,No internet service,No internet service,No internet service,No internet service,No internet service,No internet service,Month-to-month,Yes,Electronic check,44.73,2952.18,No
6357-DX94,Female,0,No,No,1,No,No phone service,No,No internet service,No internet service,No internet service,No internet service,No internet service,No internet service,One year,Yes,Credit card (automatic),18.0,18.0,Yes
3006-CX37,Male,0,No,No,36,Yes,Yes,No,No internet service,No internet service,No internet service,No internet service,No internet service,No internet service,Month-to-month,Yes,Electronic check,46.4,1670.4,No
7794-EX41,Male,0,No,No,2,No,No phone service,No,No internet service,No internet service,No internet service,No internet service,No internet service,No internet service,Two year,Yes,Mailed check,18.0,36.0,No
8583-EW31,Male,0,No,Yes,43,Yes,No,DSL,No,No,No,No,No,Yes,Two year,Yes,Bank transfer (automatic),67.72,2911.96,No
2673-AW97,Female,0,Yes,No,21,No,No phone service,No,No internet service,No internet service,No internet service,No internet service,No internet service,No internet service,Month-to-month,No,Credit card (automatic),22.17,465.57,No
7002-AW13,Female,1,No,Yes,27,Yes,Yes,Fiber optic,No,No,No,No,No,Yes,Two year,No,Credit card (automatic),104.89,2832.03,No
1499-BW27,Female,0,No,No,72,Yes,No,Fiber optic,Yes,Yes,No,Yes,No,Yes,One year,No,Electronic check,110.75,7974.0,No
1887-DX42,Female,0,Yes,No,62,Yes,Yes,Fiber optic,No,No,Yes,No,No,No,Two year,Yes,Credit card (automatic),95.85,5942.7,No
5403-AY12,Female,0,No,No,6,Yes,No,No,No internet service,No internet service,No internet service,No internet service,No internet service,No internet service,Two year,No,Bank transfer (automatic),32.15,192.9,No
8990-AY77,Male,0,Yes,No,3,Yes,Yes,Fiber optic,No,Yes,No,Yes,Yes,No,Month-to-month,Yes,Credit card (automatic),115.69,347.07,Yes
5699-CW22,Female,0,No,No,11,Yes,No,DSL,No,No,No,Yes,No,No,Month-to-month,Yes,Credit card (automatic),67.53,742.83,Yes
7237-DY30,Female,1,No,No,55,Yes,Yes,Fiber optic,Yes,No,No,Yes,No,Yes,Two year,Yes,Mailed check,122.04,6712.2,No
5497-EY86,Female,0,Yes,No,7,Yes,No,DSL,Yes,No,No,No,No,No,Month-to-month,Yes,Bank transfer (automatic),69.13,483.91,Yes
3768-EZ54,Male,0,No,No,19,Yes,Yes,No,No internet service,No internet service,No internet service,No internet service,No internet service,No internet service,Two year,No,Bank transfer (automatic),44.86,852.34,No
1573-CX62,Female,0,No,Yes,11,Yes,No,Fiber optic,No,Yes,No,Yes,No,No,One year,Yes,Bank transfer (automatic),90.17,991.87,Yes
4589-CY28,Female,0,No,No,9,Yes,Yes,Fiber optic,Yes,No,No,Yes,Yes,Yes,Month-to-month,Yes,Electronic check,130.13,1171.17,Yes
8691-EZ91,Male,0,Yes,No,30,No,No phone service,No,No internet service,No internet service,No internet service,No internet service,No internet service,No internet service,One year,Yes,Electronic check,20.8,624.0,No
4266-AY15,Female,0,No,Yes,10,Yes,Yes,Fiber optic,Yes,No,No,No,Yes,No,Two year,No,Electronic check,106.62,1066.2,No
4497-EY58,Male,0,Yes,No,1,Yes,No,DSL,Yes,No,Yes,No,No,No,Month-to-month,Yes,Credit card (automatic),79.62,79.62,Yes
6410-CZ27,Male,0,Yes,Yes,21,No,No phone service,DSL,Yes,Yes,Yes,Yes,No,Yes,Month-to-month,Yes,Electronic check,92.63,1945.23,Yes
3335-EX43,Male,0,Yes,No,6,Yes,No,Fiber optic,No,No,Yes,No,Yes,Yes,One year,Yes,Electronic check,106.39,638.34,Yes
3157-AZ23,Male,1,No,No,5,Yes,Yes,No,No internet service,No internet service,No internet service,No internet service,No internet service,No internet service,Two year,Yes,Electronic check,47.44,237.2,No
4342-DZ29,Male,0,No,No,10,Yes,No,No,No internet service,No internet service,No internet service,No internet service,No internet service,No internet service,One year,No,Bank transfer (automatic),29.58,295.8,No
3736-CY77,Female,0,No,Yes,8,Yes,Yes,No,No internet service,No internet service,No internet service,No internet service,No internet service,No internet service,Month-to-month,Yes,Credit card (automatic),47.64,381.12,Yes
4089-CW73,Male,0,No,Yes,35,Yes,No,DSL,Yes,No,No,No,Yes,No,Month-to-month,Yes,Bank transfer (automatic),79.86,2795.1,Yes
1152-EX54,Male,0,Yes,Yes,50,Yes,No,DSL,No,Yes,Yes,No,No,Yes,Two year,Yes,Electronic check,88.3,4415.0,No
2826-CZ84,Female,1,Yes,No,21,Yes,No,DSL,No,Yes,No,Yes,Yes,No,Month-to-month,No,Credit card (automatic),88.65,1861.65,No
6128-DZ28,Male,0,Yes,No,12,Yes,No,Fiber optic,No,No,No,No,No,No,Month-to-month,Yes,Electronic check,76.12,913.44,Yes
4390-BY46,Female,0,Yes,No,2,Yes,No,DSL,No,No,No,Yes,No,Yes,Month-to-month,Yes,Credit card (automatic),81.68,163.36,Yes
2627-DW46,Female,1,Yes,No,54,No,No phone service,DSL,No,Yes,Yes,Yes,No,Yes,Month-to-month,Yes,Electronic check,89.16,4814.64,Yes
6072-DW58,Female,0,Yes,No,23,Yes,Yes,Fiber optic,No,No,Yes,No,Yes,No,Month-to-month,Yes,Bank transfer (automatic),112.98,2598.54,Yes
2616-AZ43,Male,1,Yes,No,4,No,No phone service,Fiber optic,No,Yes,Yes,No,No,Yes,Month-to-month,Yes,Electronic check,90.62,362.48,Yes
1760-CY18,Male,0,Yes,No,3,No,No phone service,Fiber optic,Yes,No,Yes,No,No,Yes,Two year,Yes,Credit card (automatic),97.36,292.08,No
9622-CW77,Male,0,Yes,No,5,Yes,No,Fiber optic,No,No,No,No,No,Yes,Month-to-month,Yes,Electronic check,81.9,409.5,Yes
2100-DW82,Female,0,Yes,No,69,Yes,Yes,Fiber optic,Yes,No,Yes,Yes,No,No,Month-to-month,Yes,Electronic check,112.11,7735.59,Yes
3260-AW14,Male,0,No,Yes,3,Yes,No,Fiber optic,No,Yes,No,No,No,No,Month-to-month,No,Credit card (automatic),82.59,247.77,Yes
6316-AZ40,Male,1,No,Yes,10,Yes,No,No,No internet service,No internet service,No internet service,No internet service,No internet service,No internet service,Two year,Yes,Electronic check,26.5,265.0,No
7433-AX77,Male,0,No,No,62,Yes,Yes,Fiber optic,No,No,Yes,No,Yes,No,One year,Yes,Credit card (automatic),110.84,6872.08,No
4286-BX55,Female,0,Yes,Yes,62,No,No phone service,DSL,No,Yes,No,No,Yes,Yes,Month-to-month,Yes,Bank transfer (automatic),84.22,5221.64,No
3628-CY87,Female,0,Yes,No,7,Yes,No,DSL,Yes,Yes,No,No,Yes,No,Month-to-month,Yes,Bank transfer (automatic),85.86,601.02,Yes
3348-BZ11,Male,0,No,No,68,Yes,No,DSL,No,No,Yes,No,Yes,No,One year,Yes,Mailed check,81.39,5534.52,No
2960-CZ67,Male,0,Yes,No,51,Yes,No,No,No internet service,No internet service,No internet service,No internet service,No internet service,No internet service,Two year,Yes,Credit card (automatic),32.51,1658.01,No
4562-BX10,Male,1,Yes,No,3,Yes,Yes,DSL,No,Yes,No,No,Yes,No,Month-to-month,Yes,Credit card (automatic),89.19,267.57,Yes
3485-AX34,Male,0,Yes,Yes,71,Yes,Yes,No,No internet service,No internet service,No internet service,No internet service,No internet service,No internet service,Month-to-month,Yes,Mailed check,45.52,3231.92,No
9175-AX92,Female,0,Yes,No,62,Yes,No,DSL,No,No,No,Yes,No,Yes,One year,Yes,Electronic check,81.12,5029.44,No
4815-BZ32,Female,0,Yes,No,14,Yes,Yes,No,No internet service,No internet service,No internet service,No internet service,No internet service,No internet service,One year,No,Electronic check,42.25,591.5,Yes
3632-EX27,Female,0,Yes,No,65,Yes,Yes,No,No internet service,No internet service,No internet service,No internet service,No internet service,No internet service,One year,Yes,Electronic check,41.42,2692.3,No
8020-DY24,Female,0,No,No,4,Yes,No,Fiber optic,No,No,No,No,No,Yes,Month-to-month,Yes,Mailed check,84.94,339.76,Yes
3140-AY96,Male,0,Yes,No,55,Yes,Yes,Fiber optic,Yes,Yes,No,Yes,Yes,Yes,Month-to-month,Yes,Credit card (automatic),137.44,7559.2,Yes
4520-AX80,Male,1,Yes,No,7,Yes,No,DSL,Yes,No,No,Yes,Yes,No,Month-to-month,Yes,Bank transfer (automatic),85.75,600.25,No
9812-DX41,Male,0,No,No,71,Yes,No,Fiber optic,No,No,No,Yes,No,Yes,Month-to-month,Yes,Credit card (automatic),96.67,6863.57,Yes
9362-EZ18,Female,0,Yes,Yes,59,Yes,No,DSL,Yes,Yes,No,No,Yes,No,Two year,Yes,Mailed check,89.28,5267.52,No
7077-AX57,Male,0,Yes,No,3,Yes,Yes,Fiber optic,No,Yes,No,No,No,Yes,Month-to-month,Yes,Electronic check,111.13,333.39,Yes
1938-CW41,Female,1,No,No,7,Yes,Yes,Fiber optic,Yes,No,No,No,No,No,One year,Yes,Bank transfer (automatic),101.77,712.39,Yes
8611-AW93,Female,0,Yes,No,56,Yes,Yes,DSL,No,Yes,Yes,No,Yes,No,Month-to-month,Yes,Credit card (automatic),104.94,5876.64,No
6351-EW78,Male,0,Yes,No,61,Yes,No,No,No internet service,No internet service,No internet service,No internet service,No internet service,No internet service,Month-to-month,Yes,Bank transfer (automatic),30.85,1881.85,No
2272-EZ98,Male,0,No,No,40,No,No phone service,Fiber optic,No,No,No,No,No,No,Two year,No,Electronic check,61.33,2453.2,No
8670-EX41,Male,0,Yes,No,66,Yes,Yes,Fiber optic,Yes,Yes,No,No,No,Yes,One year,No,Bank transfer (automatic),121.47,8017.02,No
2691-BZ63,Female,0,No,No,1,Yes,No,No,No internet service,No internet service,No internet service,No internet service,No internet service,No internet service,Two year,No,Mailed check,33.8,33.8,No
4905-AY22,Male,0,No,Yes,1,Yes,No,Fiber optic,Yes,No,No,No,No,No,Month-to-month,Yes,Electronic check,82.01,82.01,No
7814-EW42,Female,0,Yes,No,8,Yes,No,Fiber optic,No,Yes,No,No,No,No,Month-to-month,No,Bank transfer (automatic),80.57,644.56,Yes
1436-BX72,Male,0,No,Yes,54,Yes,Yes,Fiber optic,Yes,No,Yes,Yes,No,Yes,Month-to-month,Yes,Electronic check,128.26,6926.04,No
8008-BX11,Female,1,No,Yes,59,Yes,Yes,No,No internet service,No internet service,No internet service,No internet service,No internet service,No internet service,Month-to-month,No,Credit card (automatic),39.54,2332.86,No
9826-EX46,Female,1,Yes,No,59,Yes,No,DSL,No,Yes,Yes,Yes,Yes,No,Month-to-month,No,Electronic check,97.2,5734.8,No
4816-EX49,Male,0,No,No,65,Yes,Yes,Fiber optic,No,No,Yes,No,No,Yes,Two year,No,Mailed check,114.49,7441.85,No
6822-AY47,Female,0,Yes,No,23,Yes,Yes,Fiber optic,No,No,No,No,Yes,Yes,Month-to-month,Yes,Credit card (automatic),112.86,2595.78,Yes
9996-EX36,Female,0,No,Yes,69,Yes,Yes,DSL,No,No,Yes,No,No,No,Two year,Yes,Mailed check,83.73,5777.37,No
9097-DZ13,Male,0,Yes,No,9,Yes,No,DSL,No,Yes,No,No,No,No,Month-to-month,Yes,Credit card (automatic),68.3,614.7,No
6341-DY82,Female,0,Yes,No,10,No,No phone service,DSL,No,No,No,No,Yes,Yes,One year,Yes,Bank transfer (automatic),77.13,771.3,No
8400-DX44,Male,0,Yes,No,6,Yes,No,Fiber optic,No,No,No,No,Yes,No,Month-to-month,Yes,Credit card (automatic),87.32,523.92,Yes
3094-CZ74,Female,0,No,No,1,Yes,No,No,No internet service,No internet service,No internet service,No internet service,No internet service,No internet service,Month-to-month,Yes,Electronic check,28.97,28.97,No
1058-AY67,Male,0,Yes,No,6,Yes,No,No,No internet service,No internet service,No internet service,No internet service,No internet service,No internet service,Two year,No,Electronic check,25.44,152.64,No
3607-AZ55,Male,0,Yes,No,66,Yes,Yes,Fiber optic,No,No,Yes,No,Yes,No,Month-to-month,No,Mailed check,110.28,7278.48,No
3293-EZ81,Female,0,Yes,No,65,Yes,No,DSL,No,Yes,No,No,No,No,Two year,Yes,Credit card (automatic),67.79,4406.35,No
4455-BX26,Female,0,No,Yes,50,Yes,Yes,DSL,Yes,Yes,No,No,Yes,Yes,One year,Yes,Mailed check,108.9,5445.0,No
9738-DZ23,Female,0,No,No,7,Yes,No,Fiber optic,No,No,No,Yes,Yes,Yes,Two year,No,Electronic check,103.98,727.86,Yes
7135-BY69,Female,0,No,No,9,Yes,Yes,Fiber optic,No,No,No,No,No,No,One year,No,Electronic check,88.21,793.89,Yes
9421-DZ31,Female,0,No,No,67,No,No phone service,DSL,Yes,No,No,No,No,No,Month-to-month,Yes,Electronic check,56.21,3766.07,No
2699-CX77,Male,0,No,Yes,8,Yes,Yes,Fiber optic,No,Yes,No,Yes,No,No,One year,Yes,Bank transfer (automatic),105.92,847.36,No
3145-AX52,Female,0,Yes,No,5,Yes,No,No,No internet service,No internet service,No internet service,No internet service,No internet service,No internet service,Month-to-month,Yes,Electronic check,29.67,148.35,Yes
2823-AW23,Male,0,No,No,3,Yes,Yes,Fiber optic,No,No,No,Yes,No,No,Month-to-month,Yes,Mailed check,97.81,293.43,Yes
4771-DW75,Male,0,No,No,68,Yes,No,No,No internet service,No internet service,No internet service,No internet service,No internet service,No internet service,Month-to-month,No,Electronic check,36.78,2501.04,No
6606-DZ72,Female,1,No,Yes,53,Yes,Yes,Fiber optic,Yes,Yes,No,No,No,Yes,Month-to-month,No,Bank transfer (automatic),116.68,6184.04,No
2312-BW73,Male,1,No,No,15,Yes,Yes,DSL,Yes,No,No,No,No,No,Month-to-month,Yes,Credit card (automatic),80.39,1205.85,Yes
2663-EX79,Male,1,Yes,No,65,Yes,No,DSL,No,Yes,Yes,Yes,Yes,Yes,Two year,No,Mailed check,112.7,7325.5,No
7022-BZ77,Male,0,Yes,No,63,Yes,No,No,No internet service,No internet service,No internet service,No internet service,No internet service,No internet service,Month-to-month,No,Electronic check,34.39,2166.57,Yes
5216-AY12,Male,0,No,Yes,37,Yes,Yes,Fiber optic,Yes,No,Yes,Yes,No,Yes,Two year,No,Electronic check,122.75,4541.75,No
8259-DW57,Female,1,No,No,62,Yes,No,Fiber optic,No,No,No,Yes,Yes,No,Month-to-month,No,Mailed check,98.64,6115.68,No
6004-EX98,Male,0,No,No,49,Yes,Yes,DSL,Yes,Yes,No,Yes,Yes,No,One year,Yes,Bank transfer (automatic),105.46,5167.54,No
4818-CW42,Female,0,No,Yes,58,Yes,Yes,Fiber optic,No,No,Yes,No,Yes,Yes,Month-to-month,Yes,Mailed check,130.61,7575.38,No
6709-DY96,Female,0,No,Yes,64,Yes,Yes,DSL,No,No,Yes,No,No,Yes,Month-to-month,Yes,Credit card (automatic),100.35,6422.4,No
8058-DX38,Male,0,Yes,No,6,No,No phone service,DSL,No,Yes,No,Yes,No,Yes,Two year,No,Credit card (automatic),79.6,477.6,No
7266-DZ23,Female,1,No,Yes,9,No,No phone service,DSL,No,No,No,Yes,Yes,Yes,Two year,No,Electronic check,84.58,761.22,Yes
4408-EW13,Female,0,Yes,Yes,36,Yes,No,Fiber optic,No,No,No,No,Yes,No,Month-to-month,Yes,Electronic check,88.33,3179.88,Yes
6875-DW81,Female,0,Yes,No,63,Yes,No,DSL,Yes,Yes,No,No,Yes,Yes,Two year,Yes,Mailed check,98.02,6175.26,No
1542-DZ73,Male,0,Yes,No,6,Yes,Yes,DSL,Yes,No,Yes,No,Yes,Yes,One year,Yes,Mailed check,118.59,711.54,Yes
9612-CW88,Female,0,No,Yes,53,Yes,No,Fiber optic,Yes,Yes,No,No,Yes,No,Two year,No,Bank transfer (automatic),107.07,5674.71,No
6699-CY45,Female,0,Yes,No,54,Yes,No,Fiber optic,No,Yes,Yes,No,No,Yes,One year,No,Bank transfer (automatic),100.82,5444.28,No
7584-DW48,Female,0,Yes,Yes,1,Yes,Yes,Fiber optic,Yes,No,No,No,Yes,No,Two year,Yes,Electronic check,109.9,109.9,Yes
1059-BW32,Male,0,No,Yes,72,Yes,No,Fiber optic,Yes,Yes,No,No,No,Yes,Two year,Yes,Credit card (automatic),99.3,7149.6,No
7211-CY16,Female,1,Yes,Yes,49,Yes,Yes,No,No internet service,No internet service,No internet service,No internet service,No internet service,No internet service,Month-to-month,No,Bank transfer (automatic),44.86,2198.14,No
8948-CZ20,Male,0,No,No,11,Yes,No,DSL,No,Yes,Yes,No,No,Yes,Month-to-month,No,Credit card (automatic),87.2,959.2,Yes
9911-DY96,Male,0,No,Yes,29,Yes,No,DSL,Yes,Yes,No,No,Yes,Yes,Month-to-month,Yes,Bank transfer (automatic),103.76,3009.04,No
5520-BY47,Male,0,No,Yes,8,Yes,Yes,Fiber optic,Yes,Yes,No,No,Yes,Yes,One year,Yes,Bank transfer (automatic),134.8,1078.4,Yes
2730-DZ87,Male,0,No,No,69,Yes,Yes,DSL,Yes,No,Yes,No,Yes,Yes,Two year,No,Electronic check,111.81,7714.89,No
6225-BY51,Male,0,Yes,No,72,Yes,No,Fiber optic,No,Yes,No,No,No,Yes,One year,No,Bank transfer (automatic),97.31,7006.32,No
2962-AY46,Male,0,No,Yes,60,Yes,No,Fiber optic,No,Yes,No,No,Yes,Yes,One year,Yes,Electronic check,109.64,6578.4,No
6965-BW73,Female,0,Yes,No,3,Yes,No,No,No internet service,No internet service,No internet service,No internet service,No internet service,No internet service,Month-to-month,Yes,Bank transfer (automatic),24.76,74.28,No
6307-DZ77,Male,0,No,Yes,47,Yes,Yes,No,No internet service,No internet service,No internet service,No internet service,No internet service,No internet service,Month-to-month,Yes,Electronic check,47.9,2251.3,No
3202-CY12,Female,1,Yes,No,71,Yes,Yes,No,No internet service,No internet service,No internet service,No internet service,No internet service,No internet service,Month-to-month,Yes,Electronic check,40.57,2880.47,No
3342-BW65,Female,0,No,No,69,Yes,Yes,DSL,No,No,No,No,No,No,One year,Yes,Electronic check,73.47,5069.43,No
4045-DZ57,Male,0,Yes,No,61,Yes,Yes,No,No internet service,No internet service,No internet service,No internet service,No internet service,No internet service,Month-to-month,No,Electronic check,42.3,2580.3,No
6391-DY84,Female,0,Yes,No,18,Yes,No,DSL,Yes,Yes,No,No,No,Yes,Month-to-month,Yes,Electronic check,83.29,1499.22,Yes
3205-EZ17,Female,0,Yes,No,12,Yes,No,Fiber optic,No,Yes,No,No,Yes,No,Month-to-month,No,Credit card (automatic),98.31,1179.72,Yes
5714-CX60,Female,0,Yes,Yes,3,Yes,No,Fiber optic,No,No,Yes,Yes,Yes,Yes,Month-to-month,Yes,Mailed check,112.17,336.51,Yes
5667-BX72,Female,1,No,No,19,No,No phone service,DSL,Yes,Yes,No,No,No,No,Month-to-month,Yes,Bank transfer (automatic),64.81,1231.39,No
8854-EY65,Male,1,Yes,Yes,50,No,No phone service,Fiber optic,No,No,Yes,Yes,No,No,Month-to-month,Yes,Electronic check,80.98,4049.0,Yes
4973-CZ71,Female,0,No,No,4,Yes,Yes,DSL,No,No,Yes,No,Yes,No,Two year,Yes,Mailed check,97.23,388.92,No
5735-AX20,Male,1,No,No,10,No,No phone service,DSL,No,No,Yes,Yes,Yes,No,Month-to-month,Yes,Electronic check,75.09,750.9,No
6995-BZ97,Female,0,No,No,11,Yes,No,No,No internet service,No internet service,No internet service,No internet service,No internet service,No internet service,Two year,No,Electronic check,31.46,346.06,No
2545-EY22,Female,0,Yes,No,16,Yes,No,DSL,Yes,Yes,Yes,No,No,No,Month-to-month,Yes,Electronic check,83.31,1332.96,No
7947-AX28,Male,0,Yes,No,1,Yes,No,DSL,No,Yes,Yes,No,No,Yes,Two year,Yes,Mailed check,84.98,84.98,No
8155-AX87,Female,1,No,No,6,Yes,No,Fiber optic,No,No,No,Yes,Yes,No,One year,Yes,Electronic check,98.06,588.36,Yes
1815-BX13,Female,0,Yes,Yes,43,Yes,No,No,No internet service,No internet service,No internet service,No internet service,No internet service,No internet service,Two year,No,Credit card (automatic),36.24,1558.32,No
1002-CY78,Female,0,Yes,No,14,Yes,No,DSL,No,No,No,Yes,No,Yes,Two year,Yes,Mailed check,80.61,1128.54,No
7134-EZ32,Male,0,No,No,11,Yes,Yes,Fiber optic,No,No,No,No,No,No,One year,Yes,Credit card (automatic),88.17,969.87,Yes
4122-AX73,Female,0,No,No,38,Yes,Yes,No,No internet service,No internet service,No internet service,No internet service,No internet service,No internet service,Two year,Yes,Credit card (automatic),42.79,1626.02,No
4114-DY67,Male,0,No,No,9,Yes,No,DSL,Yes,Yes,No,No,Yes,Yes,One year,Yes,Bank transfer (automatic),102.42,921.78,No
4443-DW53,Female,1,Yes,Yes,44,Yes,No,DSL,No,No,No,No,No,No,One year,No,Credit card (automatic),60.04,2641.76,No
2707-CZ47,Male,0,No,No,61,Yes,Yes,Fiber optic,Yes,No,No,No,Yes,Yes,Month-to-month,Yes,Electronic check,118.81,7247.41,No
4815-CY25,Male,0,Yes,No,2,Yes,No,Fiber optic,Yes,No,Yes,No,No,Yes,Two year,No,Credit card (automatic),97.92,195.84,No
4039-AW47,Female,1,Yes,Yes,24,Yes,No,No,No internet service,No internet service,No internet service,No internet service,No internet service,No internet service,Two year,Yes,Electronic check,31.14,747.36,No
9516-AY44,Female,0,No,No,46,Yes,No,DSL,No,No,No,Yes,Yes,No,Month-to-month,No,Mailed check,76.2,3505.2,Yes
3507-DW57,Male,1,Yes,No,40,Yes,Yes,No,No internet service,No internet service,No internet service,No internet service,No internet service,No internet service,One year,Yes,Bank transfer (automatic),43.79,1751.6,No
4178-EY18,Male,0,Yes,No,64,Yes,No,No,No internet service,No internet service,No internet service,No internet service,No internet service,No internet service,Two year,No,Credit card (automatic),34.89,2232.96,No
6851-EX95,Female,0,Yes,No,68,Yes,No,DSL,Yes,No,No,No,Yes,Yes,Two year,Yes,Credit card (automatic),89.51,6086.68,No
7286-CW90,Male,0,No,Yes,7,Yes,Yes,DSL,No,No,No,Yes,No,Yes,Two year,Yes,Electronic check,98.16,687.12,No
9904-CW25,Female,1,No,No,3,Yes,Yes,No,No internet service,No internet service,No internet service,No internet service,No internet service,No internet service,Month-to-month,Yes,Mailed check,41.94,125.82,Yes
6260-BW33,Female,0,No,No,1,Yes,No,Fiber optic,Yes,Yes,No,Yes,Yes,Yes,Month-to-month,No,Credit card (automatic),125.62,125.62,Yes
5899-DW95,Female,0,No,No,4,No,No phone service,Fiber optic,No,No,Yes,No,Yes,Yes,Month-to-month,Yes,Bank transfer (automatic),98.73,394.92,Yes
8547-AX93,Female,0,Yes,No,8,Yes,No,Fiber optic,Yes,No,Yes,Yes,No,No,Month-to-month,Yes,Electronic check,100.46,803.68,No
6378-DW91,Male,0,Yes,Yes,69,Yes,No,No,No internet service,No internet service,No internet service,No internet service,No internet service,No internet service,Month-to-month,Yes,Mailed check,28.17,1943.73,No
2571-BZ30,Female,0,Yes,Yes,62,Yes,No,No,No internet service,No internet service,No internet service,No internet service,No internet service,No internet service,Month-to-month,No,Credit card (automatic),31.91,1978.42,No
1728-AZ18,Male,0,Yes,No,9,Yes,Yes,DSL,No,No,No,Yes,Yes,No,Month-to-month,Yes,Bank transfer (automatic),96.12,865.08,No
7767-CZ88,Female,1,No,No,59,Yes,No,DSL,No,No,Yes,Yes,Yes,Yes,Month-to-month,Yes,Mailed check,105.66,6233.94,No
2119-DW59,Male,0,No,No,8,Yes,Yes,No,No internet service,No internet service,No internet service,No internet service,No internet service,No internet service,Month-to-month,No,Bank transfer (automatic),43.15,345.2,Yes
8590-DY15,Female,0,Yes,Yes,23,Yes,Yes,No,No internet service,No internet service,No internet service,No internet service,No internet service,No internet service,One year,No,Mailed check,48.86,1123.78,No
6825-AZ80,Male,0,Yes,No,8,Yes,Yes,Fiber optic,Yes,No,No,Yes,Yes,Yes,Month-to-month,Yes,Credit card (automatic),127.3,1018.4,Yes
5570-DZ89,Male,1,Yes,No,48,Yes,Yes,No,No internet service,No internet service,No internet service,No internet service,No internet service,No internet service,Month-to-month,No,Bank transfer (automatic),44.28,2125.44,No
3222-AZ24,Female,0,Yes,No,68,Yes,No,Fiber optic,Yes,Yes,Yes,No,No,Yes,Month-to-month,Yes,Mailed check,109.08,7417.44,No
1787-DX84,Female,0,No,Yes,1,Yes,No,DSL,No,No,No,Yes,Yes,No,Month-to-month,Yes,Credit card (automatic),78.51,78.51,Yes
4650-BX23,Female,0,Yes,No,3,Yes,No,No,No internet service,No internet service,No internet service,No internet service,No internet service,No internet service,Two year,No,Electronic check,29.53,88.59,No
7071-EW53,Female,0,Yes,No,6,Yes,Yes,Fiber optic,No,No,Yes,No,No,No,Month-to-month,No,Credit card (automatic),102.33,613.98,Yes
2709-DW53,Male,0,No,No,53,Yes,No,DSL,No,Yes,Yes,No,No,No,Two year,Yes,Bank transfer (automatic),77.37,4100.61,No
6903-CY10,Female,0,Yes,No,5,Yes,No,DSL,No,Yes,No,Yes,No,No,Month-to-month,Yes,Credit card (automatic),79.7,398.5,No
4506-AZ59,Male,0,No,No,8,Yes,No,Fiber optic,Yes,Yes,Yes,Yes,No,Yes,Two year,Yes,Electronic check,119.04,952.32,No
2461-CW88,Male,0,Yes,No,5,Yes,No,No,No internet service,No internet service,No internet service,No internet service,No internet service,No internet service,Month-to-month,No,Bank transfer (automatic),33.85,169.25,Yes
8928-CZ32,Female,0,No,No,54,Yes,Yes,DSL,Yes,Yes,No,Yes,Yes,No,Month-to-month,No,Credit card (automatic),111.68,6030.72,No
7115-AY58,Male,0,No,Yes,63,Yes,Yes,DSL,Yes,Yes,No,Yes,No,No,Two year,Yes,Bank transfer (automatic),96.63,6087.69,No
9892-AW32,Male,0,No,No,50,Yes,Yes,Fiber optic,No,Yes,No,No,Yes,Yes,Month-to-month,No,Electronic check,125.17,6258.5,Yes
3796-DY70,Male,0,Yes,Yes,66,Yes,No,No,No internet service,No internet service,No internet service,No internet service,No internet service,No internet service,One year,Yes,Electronic check,34.45,2273.7,No
2610-AZ35,Male,0,No,No,52,Yes,No,Fiber optic,No,No,No,No,No,Yes,Month-to-month,No,Mailed check,88.91,4623.32,Yes
6475-BX40,Female,0,Yes,No,63,Yes,Yes,Fiber optic,No,No,No,Yes,Yes,Yes,One year,Yes,Mailed check,124.49,7842.87,No
3800-CW37,Female,0,Yes,No,68,Yes,Yes,Fiber optic,No,No,Yes,Yes,Yes,No,Two year,Yes,Bank transfer (automatic),121.84,8285.12,No
4929-BZ18,Female,0,Yes,No,54,Yes,Yes,DSL,No,Yes,Yes,No,No,Yes,Two year,Yes,Mailed check,102.19,5518.26,No
6022-AW16,Female,0,Yes,Yes,3,Yes,No,Fiber optic,No,No,No,Yes,No,No,Month-to-month,No,Credit card (automatic),80.85,242.55,Yes
7402-DW76,Male,0,No,No,72,Yes,Yes,DSL,No,No,No,No,Yes,Yes,Month-to-month,Yes,Mailed check,100.09,7206.48,No
2774-CZ32,Male,0,No,No,4,Yes,Yes,No,No internet service,No internet service,No internet service,No internet service,No internet service,No internet service,Two year,Yes,Electronic check,50.18,200.72,No
8425-DW87,Female,0,No,Yes,48,Yes,Yes,DSL,No,Yes,No,No,Yes,Yes,Two year,No,Electronic check,107.9,5179.2,No
5237-CX20,Female,0,No,No,71,Yes,No,Fiber optic,Yes,No,Yes,No,No,Yes,Month-to-month,Yes,Bank transfer (automatic),104.89,7447.19,No
1760-DZ61,Female,0,No,Yes,53,Yes,No,DSL,No,No,No,No,Yes,No,One year,Yes,Mailed check,72.22,3827.66,No
8439-BW17,Male,0,Yes,No,70,Yes,No,Fiber optic,No,Yes,Yes,Yes,No,Yes,Month-to-month,Yes,Mailed check,111.88,7831.6,No
8916-DW73,Female,1,Yes,No,11,Yes,Yes,DSL,No,Yes,Yes,No,Yes,No,Two year,No,Credit card (automatic),101.42,1115.62,No
4943-DW94,Female,0,No,Yes,61,Yes,No,DSL,No,Yes,No,Yes,Yes,Yes,Month-to-month,Yes,Mailed check,101.64,6200.04,No
4621-CX83,Female,1,Yes,No,57,Yes,Yes,DSL,No,Yes,Yes,Yes,Yes,Yes,One year,Yes,Credit card (automatic),125.63,7160.91,No
6018-CW18,Male,0,No,Yes,56,Yes,Yes,Fiber optic,Yes,Yes,Yes,Yes,No,No,One year,Yes,Credit card (automatic),117.49,6579.44,No
7750-BZ54,Male,0,Yes,Yes,9,Yes,No,Fiber optic,No,No,Yes,Yes,No,No,Two year,No,Electronic check,86.5,778.5,No
1087-BY92,Male,0,Yes,Yes,58,Yes,Yes,Fiber optic,No,No,Yes,No,No,Yes,Two year,Yes,Credit card (automatic),104.74,6074.92,No
6561-AX39,Male,0,Yes,No,5,Yes,No,Fiber optic,No,Yes,No,Yes,Yes,No,Month-to-month,Yes,Bank transfer (automatic),107.43,537.15,Yes
5654-DW54,Male,0,Yes,No,58,Yes,Yes,Fiber optic,Yes,No,No,No,Yes,No,One year,No,Mailed check,107.23,6219.34,No
3800-EW72,Male,0,Yes,No,9,Yes,Yes,Fiber optic,No,No,No,No,Yes,Yes,Two year,Yes,Bank transfer (automatic),115.06,1035.54,Yes
6038-BW59,Male,0,No,Yes,4,Yes,No,No,No internet service,No internet service,No internet service,No internet service,No internet service,No internet service,One year,Yes,Credit card (automatic),35.36,141.44,No
5780-DZ39,Male,1,Yes,Yes,3,Yes,No,Fiber optic,No,No,No,No,No,No,One year,No,Credit card (automatic),76.0,228.0,Yes
7703-CX64,Female,0,No,No,29,Yes,No,DSL,No,No,Yes,No,No,Yes,One year,Yes,Mailed check,81.54,2364.66,No
1747-BZ83,Female,0,Yes,No,39,Yes,No,No,No internet service,No internet service,No internet service,No internet service,No internet service,No internet service,Month-to-month,No,Electronic check,27.47,1071.33,No
4488-BX66,Male,0,Yes,No,3,Yes,No,DSL,No,Yes,Yes,No,No,No,One year,No,Bank transfer (automatic),77.0,231.0,Yes
4856-CY90,Male,0,Yes,Yes,4,Yes,No,No,No internet service,No internet service,No internet service,No internet service,No internet service,No internet service,Month-to-month,Yes,Electronic check,27.01,108.04,No
5059-AW19,Female,0,No,No,1,Yes,No,DSL,Yes,Yes,No,Yes,Yes,Yes,Month-to-month,Yes,Bank transfer (automatic),102.29,102.29,Yes
1409-AZ13,Male,0,Yes,No,45,Yes,Yes,Fiber optic,No,Yes,Yes,No,Yes,No,Two year,No,Credit card (automatic),118.16,5317.2,No
1061-DZ73,Male,0,No,No,62,Yes,Yes,DSL,No,Yes,Yes,Yes,No,Yes,Month-to-month,No,Mailed check,111.96,6941.52,No
5592-AY32,Male,0,Yes,No,3,Yes,No,No,No internet service,No internet service,No internet service,No internet service,No internet service,No internet service,Month-to-month,Yes,Electronic check,28.41,85.23,No
4360-EW10,Female,0,No,Yes,60,Yes,Yes,Fiber optic,No,Yes,Yes,Yes,No,No,Month-to-month,Yes,Bank transfer (automatic),111.76,6705.6,No
7700-DX39,Female,0,Yes,No,52,Yes,Yes,DSL,No,Yes,Yes,Yes,Yes,Yes,Month-to-month,No,Electronic check,122.36,6362.72,No
6200-DZ33,Female,0,No,No,1,Yes,Yes,DSL,No,Yes,Yes,No,Yes,Yes,Two year,Yes,Electronic check,112.82,112.82,Yes
8454-DW13,Female,1,No,No,68,No,No phone service,Fiber optic,Yes,Yes,No,Yes,Yes,No,One year,Yes,Bank transfer (automatic),103.23,7019.64,No
2724-CZ80,Female,1,No,No,57,Yes,Yes,Fiber optic,Yes,No,Yes,No,No,No,Month-to-month,No,Credit card (automatic),107.34,6118.38,No
1941-EZ18,Male,0,Yes,No,69,Yes,Yes,Fiber optic,No,No,No,Yes,No,Yes,Month-to-month,Yes,Bank transfer (automatic),114.88,7926.72,Yes
4061-BY25,Female,0,Yes,No,21,Yes,Yes,DSL,No,No,No,No,No,Yes,Month-to-month,No,Mailed check,85.93,1804.53,Yes
9587-DX24,Male,0,Yes,Yes,68,Yes,Yes,Fiber optic,Yes,No,No,No,No,Yes,Month-to-month,No,Bank transfer (automatic),110.21,7494.28,No
3888-CZ48,Male,0,No,No,66,Yes,Yes,Fiber optic,No,Yes,Yes,Yes,No,No,Two year,Yes,Electronic check,114.52,7558.32,No
2086-DW50,Female,1,No,No,8,Yes,No,DSL,Yes,No,Yes,No,No,Yes,Month-to-month,No,Credit card (automatic),86.88,695.04,Yes
7510-EW98,Female,0,No,No,62,Yes,Yes,DSL,No,Yes,No,No,Yes,No,Two year,Yes,Bank transfer (automatic),89.05,5521.1,No
9664-AZ94,Male,0,Yes,No,39,No,No phone service,Fiber optic,Yes,No,Yes,No,No,Yes,Month-to-month,Yes,Credit card (automatic),94.33,3678.87,Yes
2868-BW64,Male,0,Yes,Yes,67,Yes,No,No,No internet service,No internet service,No internet service,No internet service,No internet service,No internet service,Month-to-month,Yes,Credit card (automatic),37.0,2479.0,No
8698-BX68,Male,0,Yes,No,72,Yes,No,DSL,No,No,No,No,No,No,Month-to-month,Yes,Mailed check,63.0,4536.0,No
8973-BZ78,Female,0,No,No,30,Yes,No,Fiber optic,Yes,No,Yes,No,No,No,Month-to-month,No,Credit card (automatic),96.87,2906.1,No
3865-CX68,Female,1,No,Yes,40,Yes,No,DSL,No,Yes,Yes,Yes,Yes,No,Two year,No,Credit card (automatic),98.69,3947.6,No
1120-AY75,Female,0,No,No,3,Yes,Yes,Fiber optic,No,Yes,No,No,Yes,Yes,Month-to-month,No,Bank transfer (automatic),121.54,364.62,Yes
8375-EX61,Female,0,Yes,Yes,57,Yes,Yes,Fiber optic,No,No,No,Yes,No,No,Month-to-month,Yes,Electronic check,99.8,5688.6,No
1783-AW17,Female,1,No,No,71,Yes,No,DSL,Yes,Yes,Yes,Yes,Yes,No,Two year,No,Bank transfer (automatic),107.21,7611.91,No
8880-BW42,Male,0,No,No,24,Yes,Yes,Fiber optic,No,No,Yes,No,Yes,No,One year,Yes,Electronic check,105.2,2524.8,Yes
5445-BW14,Female,0,Yes,No,71,Yes,No,No,No internet service,No internet service,No internet service,No internet service,No internet service,No internet service,Month-to-month,Yes,Bank transfer (automatic),31.33,2224.43,No
6318-DY90,Male,0,No,No,23,No,No phone service,No,No internet service,No internet service,No internet service,No internet service,No internet service,No internet service,Two year,Yes,Electronic check,19.7,453.1,No
5439-EZ92,Male,0,No,No,59,Yes,No,DSL,No,No,No,Yes,Yes,No,Month-to-month,No,Bank transfer (automatic),84.43,4981.37,No
4324-AY60,Male,1,No,No,36,Yes,Yes,DSL,No,No,No,No,Yes,Yes,Two year,Yes,Credit card (automatic),100.12,3604.32,No
3934-BZ80,Female,0,No,No,70,Yes,No,No,No internet service,No internet service,No internet service,No internet service,No internet service,No internet service,Month-to-month,Yes,Electronic check,22.62,1583.4,No
5333-BZ81,Female,1,Yes,No,10,Yes,No,DSL,Yes,No,No,No,No,Yes,One year,Yes,Bank transfer (automatic),81.32,813.2,No
3510-BZ81,Female,0,Yes,No,53,Yes,Yes,Fiber optic,Yes,No,No,Yes,No,Yes,Month-to-month,Yes,Electronic check,111.81,5925.93,Yes
4043-AZ31,Male,1,No,Yes,5,Yes,Yes,DSL,Yes,No,Yes,No,Yes,No,Month-to-month,No,Bank transfer (automatic),106.82,534.1,No
7495-BY15,Male,0,Yes,No,57,Yes,No,Fiber optic,No,No,Yes,Yes,No,Yes,One year,No,Bank transfer (automatic),100.7,5739.9,No
3581-DY21,Male,0,No,Yes,7,Yes,No,DSL,No,No,Yes,No,No,No,One year,No,Electronic check,64.61,452.27,Yes
3842-AZ83,Male,0,No,No,3,Yes,Yes,No,No internet service,No internet service,No internet service,No internet service,No internet service,No internet service,Two year,Yes,Bank transfer (automatic),42.69,128.07,No
9358-DZ79,Male,1,No,No,15,Yes,Yes,No,No internet service,No internet service,No internet service,No internet service,No internet service,No internet service,Two year,No,Credit card (automatic),42.32,634.8,No
2973-AX29,Male,0,No,No,27,Yes,No,DSL,No,Yes,Yes,Yes,Yes,No,Month-to-month,No,Mailed check,95.53,2579.31,No
8574-AW36,Female,0,Yes,No,64,Yes,No,No,No internet service,No internet service,No internet service,No internet service,No internet service,No internet service,Month-to-month,No,Bank transfer (automatic),27.42,1754.88,No
5737-EW97,Female,0,Yes,No,31,Yes,No,Fiber optic,Yes,Yes,Yes,Yes,Yes,No,One year,Yes,Bank transfer (automatic),118.1,3661.1,No
4238-BY54,Female,0,Yes,No,63,Yes,No,DSL,No,Yes,Yes,No,Yes,Yes,One year,Yes,Electronic check,95.37,6008.31,No
9386-CX27,Female,1,Yes,Yes,66,Yes,Yes,Fiber optic,No,No,No,No,Yes,No,Month-to-month,Yes,Credit card (automatic),101.25,6682.5,No
3693-DX61,Male,0,Yes,Yes,6,Yes,No,Fiber optic,No,Yes,No,Yes,Yes,No,Month-to-month,Yes,Mailed check,107.27,643.62,Yes
6402-DY28,Male,0,Yes,Yes,7,Yes,No,DSL,No,No,Yes,No,No,Yes,One year,Yes,Mailed check,78.65,550.55,Yes
4773-CY66,Female,0,No,No,10,Yes,No,DSL,No,Yes,Yes,Yes,Yes,No,Two year,No,Electronic check,97.87,978.7,No
3067-DX73,Male,0,No,Yes,39,Yes,Yes,No,No internet service,No internet service,No internet service,No internet service,No internet service,No internet service,One year,No,Mailed check,41.23,1607.97,No
1293-AY85,Female,0,Yes,No,50,No,No phone service,No,No internet service,No internet service,No internet service,No internet service,No internet service,No internet service,Month-to-month,Yes,Bank transfer (automatic),21.74,1087.0,No
8044-CW36,Female,0,Yes,No,8,Yes,Yes,No,No internet service,No internet service,No internet service,No internet service,No internet service,No internet service,One year,Yes,Bank transfer (automatic),48.41,387.28,No
5178-AZ96,Female,0,No,Yes,56,Yes,No,DSL,Yes,No,Yes,No,No,Yes,Two year,No,Bank transfer (automatic),92.28,5167.68,No
6568-CW93,Male,0,Yes,No,72,Yes,Yes,Fiber optic,No,No,No,No,No,No,Two year,Yes,Credit card (automatic),90.6,6523.2,No
4739-DY89,Female,0,Yes,No,60,Yes,No,DSL,Yes,No,Yes,Yes,Yes,No,Two year,Yes,Mailed check,98.01,5880.6,No
9984-CY96,Female,0,Yes,Yes,58,Yes,Yes,No,No internet service,No internet service,No internet service,No internet service,No internet service,No internet service,Two year,No,Mailed check,41.16,2387.28,No
5511-AZ93,Female,0,No,No,49,Yes,Yes,DSL,No,Yes,Yes,No,Yes,Yes,Month-to-month,Yes,Credit card (automatic),113.85,5578.65,No
6405-CZ56,Male,0,Yes,No,57,Yes,Yes,Fiber optic,No,No,Yes,No,No,No,Month-to-month,No,Credit card (automatic),95.6,5449.2,No
6356-EY92,Male,0,No,No,39,Yes,No,Fiber optic,Yes,Yes,Yes,No,No,Yes,Two year,No,Mailed check,111.99,4367.61,No
8224-AZ10,Female,1,Yes,No,64,Yes,No,No,No internet service,No internet service,No internet service,No internet service,No internet service,No internet service,Month-to-month,No,Bank transfer (automatic),28.42,1818.88,No
4051-BX73,Male,1,No,No,59,Yes,No,Fiber optic,No,No,No,No,Yes,Yes,Month-to-month,Yes,Electronic check,101.06,5962.54,Yes
9433-AY46,Male,0,Yes,No,3,Yes,No,Fiber optic,No,No,Yes,No,Yes,Yes,Two year,Yes,Electronic check,114.41,343.23,Yes
8807-BY73,Male,0,Yes,Yes,35,Yes,Yes,Fiber optic,Yes,No,No,Yes,No,No,Two year,Yes,Bank transfer (automatic),107.86,3775.1,No
5881-EY69,Male,1,No,No,55,Yes,Yes,No,No internet service,No internet service,No internet service,No internet service,No internet service,No internet service,Two year,Yes,Mailed check,49.23,2707.65,No
6605-EW67,Male,0,No,No,67,Yes,No,DSL,No,Yes,Yes,No,No,No,Two year,Yes,Electronic check,72.45,4854.15,No
1656-BZ62,Male,0,No,Yes,7,No,No phone service,No,No internet service,No internet service,No internet service,No internet service,No internet service,No internet service,Month-to-month,No,Bank transfer (automatic),19.75,138.25,No
5110-AX60,Male,0,No,No,58,Yes,No,No,No internet service,No internet service,No internet service,No internet service,No internet service,No internet service,Two year,No,Credit card (automatic),30.65,1777.7,No
9896-EX83,Male,0,No,No,5,No,No phone service,DSL,No,No,Yes,No,Yes,Yes,Month-to-month,No,Credit card (automatic),82.2,411.0,Yes
9402-EW11,Male,0,No,No,3,Yes,No,DSL,Yes,No,No,Yes,Yes,Yes,One year,Yes,Bank transfer (automatic),105.53,316.59,No
3162-EW74,Male,0,No,No,49,No,No phone service,Fiber optic,No,No,No,No,Yes,Yes,Month-to-month,No,Mailed check,86.77,4251.73,No
4148-AZ65,Female,1,Yes,No,47,Yes,No,DSL,No,Yes,Yes,Yes,No,No,Month-to-month,Yes,Electronic check,84.97,3993.59,No
9691-AX60,Female,1,Yes,No,3,Yes,Yes,Fiber optic,Yes,No,Yes,No,No,Yes,Two year,Yes,Credit card (automatic),110.71,332.13,No
4496-EW92,Male,0,Yes,No,59,Yes,Yes,Fiber optic,No,No,Yes,Yes,No,Yes,Month-to-month,No,Credit card (automatic),119.27,7036.93,No
7579-AW27,Female,0,No,No,6,Yes,No,Fiber optic,No,No,Yes,Yes,No,Yes,One year,Yes,Credit card (automatic),104.52,627.12,Yes
5167-DX15,Female,0,Yes,No,69,Yes,Yes,DSL,No,No,No,No,No,No,Month-to-month,Yes,Bank transfer (automatic),74.84,5163.96,No
6209-CX33,Male,0,Yes,No,36,Yes,Yes,Fiber optic,No,No,No,No,Yes,No,Month-to-month,No,Electronic check,103.19,3714.84,Yes
6382-BW51,Male,0,No,No,68,Yes,No,Fiber optic,Yes,Yes,Yes,No,Yes,No,Month-to-month,Yes,Mailed check,109.31,7433.08,No
